{
  "image": "/home/michael/soma/Bthesis_Dataset/03_sub_cell/C007_C015_sub.png",
  "lines_json": "/Users/niihosoushin/Desktop/BlackMask/05_raf_image_json/C007_C015_raf.json",
  "bbox_json": "/Users/niihosoushin/Desktop/BlackMask/10_output_groundingdino_swiml_prompt_v1/C007_C015_sub.json",
  "criteria": {
    "min_pixels": 10,
    "min_ratio": 0.0005,
    "judge_thresh": 0.02
  },
  "selected_labels": [
    "arm"
  ],
  "selected_detections": [
    {
      "det_index": 1,
      "label": "arm",
      "score": 0.5398833155632019,
      "bbox_xyxy": [
        426.77642822265625,
        450.6842041015625,
        979.4929809570312,
        636.404541015625
      ],
      "bbox_xyxy_int_inclusive": [
        426,
        450,
        979,
        636
      ],
      "ink_pixels": 6376,
      "bbox_area": 103598,
      "ink_ratio": 0.061545589683198516,
      "has_ink": true,
      "judge_score": 0.033227437016457605
    }
  ],
  "all_scored_detections": [
    {
      "det_index": 1,
      "label": "arm",
      "score": 0.5398833155632019,
      "bbox_xyxy": [
        426.77642822265625,
        450.6842041015625,
        979.4929809570312,
        636.404541015625
      ],
      "bbox_xyxy_int_inclusive": [
        426,
        450,
        979,
        636
      ],
      "ink_pixels": 6376,
      "bbox_area": 103598,
      "ink_ratio": 0.061545589683198516,
      "has_ink": true,
      "judge_score": 0.033227437016457605
    },
    {
      "det_index": 4,
      "label": "face",
      "score": 0.36840012669563293,
      "bbox_xyxy": [
        622.7516479492188,
        300.9856262207031,
        976.98095703125,
        632.5994262695312
      ],
      "bbox_xyxy_int_inclusive": [
        622,
        300,
        976,
        632
      ],
      "ink_pixels": 3015,
      "bbox_area": 118215,
      "ink_ratio": 0.025504377617053674,
      "has_ink": true,
      "judge_score": 0.009395815945415838
    },
    {
      "det_index": 0,
      "label": "person",
      "score": 0.5951601266860962,
      "bbox_xyxy": [
        402.6546936035156,
        0.3800678253173828,
        1398.8719482421875,
        879.1665649414062
      ],
      "bbox_xyxy_int_inclusive": [
        402,
        0,
        1398,
        879
      ],
      "ink_pixels": 9752,
      "bbox_area": 877360,
      "ink_ratio": 0.011115163672836692,
      "has_ink": true,
      "judge_score": 0.00661530221966218
    },
    {
      "det_index": 3,
      "label": "head",
      "score": 0.3808911442756653,
      "bbox_xyxy": [
        420.9665222167969,
        13.833032608032227,
        1212.4105224609375,
        647.4738159179688
      ],
      "bbox_xyxy_int_inclusive": [
        420,
        13,
        1212,
        647
      ],
      "ink_pixels": 6793,
      "bbox_area": 503555,
      "ink_ratio": 0.013490085492150809,
      "has_ink": true,
      "judge_score": 0.0051382540994818725
    },
    {
      "det_index": 2,
      "label": "face",
      "score": 0.4266268312931061,
      "bbox_xyxy": [
        624.202880859375,
        303.0086975097656,
        951.36328125,
        509.5168151855469
      ],
      "bbox_xyxy_int_inclusive": [
        624,
        303,
        951,
        509
      ],
      "ink_pixels": 812,
      "bbox_area": 67896,
      "ink_ratio": 0.011959467420761163,
      "has_ink": true,
      "judge_score": 0.005102229689672472
    }
  ]
}