{
  "image": "/home/michael/soma/Bthesis_Dataset/03_sub_cell/C014_A034_sub.png",
  "lines_json": "/Users/niihosoushin/Desktop/BlackMask/05_raf_image_json/C014_A034_raf.json",
  "bbox_json": "/Users/niihosoushin/Desktop/BlackMask/10_output_groundingdino_swiml_prompt_v1/C014_A034_sub.json",
  "criteria": {
    "min_pixels": 10,
    "min_ratio": 0.0005,
    "judge_thresh": 0.02
  },
  "selected_labels": [
    "eyes",
    "eyes",
    "face",
    "mouth",
    "nose",
    "head",
    "arm",
    "arm",
    "person",
    "head",
    "arm",
    "person"
  ],
  "selected_detections": [
    {
      "det_index": 5,
      "label": "eyes",
      "score": 0.5506746172904968,
      "bbox_xyxy": [
        976.4031372070312,
        449.05419921875,
        1028.214111328125,
        490.5527038574219
      ],
      "bbox_xyxy_int_inclusive": [
        976,
        449,
        1028,
        490
      ],
      "ink_pixels": 1266,
      "bbox_area": 2226,
      "ink_ratio": 0.568733153638814,
      "has_ink": true,
      "judge_score": 0.31318691172047125
    },
    {
      "det_index": 3,
      "label": "eyes",
      "score": 0.5746791958808899,
      "bbox_xyxy": [
        1054.531982421875,
        432.0596008300781,
        1114.878662109375,
        473.2611389160156
      ],
      "bbox_xyxy_int_inclusive": [
        1054,
        432,
        1114,
        473
      ],
      "ink_pixels": 1346,
      "bbox_area": 2562,
      "ink_ratio": 0.5253708040593287,
      "has_ink": true,
      "judge_score": 0.3019196712161116
    },
    {
      "det_index": 1,
      "label": "face",
      "score": 0.7517780661582947,
      "bbox_xyxy": [
        965.2420043945312,
        410.08294677734375,
        1120.1417236328125,
        575.1073608398438
      ],
      "bbox_xyxy_int_inclusive": [
        965,
        410,
        1120,
        575
      ],
      "ink_pixels": 7546,
      "bbox_area": 25896,
      "ink_ratio": 0.2913963546493667,
      "has_ink": true,
      "judge_score": 0.2190653879838775
    },
    {
      "det_index": 0,
      "label": "mouth",
      "score": 0.7629802823066711,
      "bbox_xyxy": [
        1019.8634033203125,
        500.86468505859375,
        1080.3310546875,
        549.063232421875
      ],
      "bbox_xyxy_int_inclusive": [
        1019,
        500,
        1080,
        549
      ],
      "ink_pixels": 773,
      "bbox_area": 3100,
      "ink_ratio": 0.24935483870967742,
      "has_ink": true,
      "judge_score": 0.19025282523324413
    },
    {
      "det_index": 2,
      "label": "nose",
      "score": 0.6908230185508728,
      "bbox_xyxy": [
        1030.0244140625,
        463.298095703125,
        1081.3172607421875,
        505.8359069824219
      ],
      "bbox_xyxy_int_inclusive": [
        1030,
        463,
        1081,
        505
      ],
      "ink_pixels": 510,
      "bbox_area": 2236,
      "ink_ratio": 0.22808586762075134,
      "has_ink": true,
      "judge_score": 0.15756696755856223
    },
    {
      "det_index": 6,
      "label": "head",
      "score": 0.48031502962112427,
      "bbox_xyxy": [
        908.6327514648438,
        358.42919921875,
        1187.3572998046875,
        587.5703735351562
      ],
      "bbox_xyxy_int_inclusive": [
        908,
        358,
        1187,
        587
      ],
      "ink_pixels": 11395,
      "bbox_area": 64400,
      "ink_ratio": 0.1769409937888199,
      "has_ink": true,
      "judge_score": 0.08498741867286819
    },
    {
      "det_index": 4,
      "label": "arm",
      "score": 0.5687084794044495,
      "bbox_xyxy": [
        566.560546875,
        185.01905822753906,
        980.982666015625,
        650.6533203125
      ],
      "bbox_xyxy_int_inclusive": [
        566,
        185,
        980,
        650
      ],
      "ink_pixels": 15950,
      "bbox_area": 193390,
      "ink_ratio": 0.08247582605098505,
      "has_ink": true,
      "judge_score": 0.04690470162108159
    },
    {
      "det_index": 7,
      "label": "arm",
      "score": 0.4597761332988739,
      "bbox_xyxy": [
        1164.9891357421875,
        722.1404418945312,
        1533.763427734375,
        1003.9186401367188
      ],
      "bbox_xyxy_int_inclusive": [
        1164,
        722,
        1533,
        1003
      ],
      "ink_pixels": 9038,
      "bbox_area": 104340,
      "ink_ratio": 0.08662066321640789,
      "has_ink": true,
      "judge_score": 0.039826113597424016
    },
    {
      "det_index": 8,
      "label": "person",
      "score": 0.4513798952102661,
      "bbox_xyxy": [
        572.0785522460938,
        193.50364685058594,
        1531.9058837890625,
        1197.7830810546875
      ],
      "bbox_xyxy_int_inclusive": [
        572,
        193,
        1531,
        1197
      ],
      "ink_pixels": 71646,
      "bbox_area": 964800,
      "ink_ratio": 0.07425995024875622,
      "has_ink": true,
      "judge_score": 0.03351944856160315
    },
    {
      "det_index": 11,
      "label": "head",
      "score": 0.3024408519268036,
      "bbox_xyxy": [
        861.9139404296875,
        233.43368530273438,
        1255.9119873046875,
        646.1680908203125
      ],
      "bbox_xyxy_int_inclusive": [
        861,
        233,
        1255,
        646
      ],
      "ink_pixels": 18068,
      "bbox_area": 163530,
      "ink_ratio": 0.11048737234758148,
      "has_ink": true,
      "judge_score": 0.0334158950199565
    },
    {
      "det_index": 9,
      "label": "arm",
      "score": 0.38700053095817566,
      "bbox_xyxy": [
        1169.1474609375,
        726.4225463867188,
        1533.381591796875,
        936.8544921875
      ],
      "bbox_xyxy_int_inclusive": [
        1169,
        726,
        1533,
        936
      ],
      "ink_pixels": 6304,
      "bbox_area": 77015,
      "ink_ratio": 0.08185418424982147,
      "has_ink": true,
      "judge_score": 0.03167761276582925
    },
    {
      "det_index": 10,
      "label": "person",
      "score": 0.33038628101348877,
      "bbox_xyxy": [
        362.0396423339844,
        189.841796875,
        1532.0596923828125,
        1197.9398193359375
      ],
      "bbox_xyxy_int_inclusive": [
        362,
        189,
        1532,
        1197
      ],
      "ink_pixels": 76920,
      "bbox_area": 1181539,
      "ink_ratio": 0.0651015328313327,
      "has_ink": true,
      "judge_score": 0.02150865332042155
    }
  ],
  "all_scored_detections": [
    {
      "det_index": 5,
      "label": "eyes",
      "score": 0.5506746172904968,
      "bbox_xyxy": [
        976.4031372070312,
        449.05419921875,
        1028.214111328125,
        490.5527038574219
      ],
      "bbox_xyxy_int_inclusive": [
        976,
        449,
        1028,
        490
      ],
      "ink_pixels": 1266,
      "bbox_area": 2226,
      "ink_ratio": 0.568733153638814,
      "has_ink": true,
      "judge_score": 0.31318691172047125
    },
    {
      "det_index": 3,
      "label": "eyes",
      "score": 0.5746791958808899,
      "bbox_xyxy": [
        1054.531982421875,
        432.0596008300781,
        1114.878662109375,
        473.2611389160156
      ],
      "bbox_xyxy_int_inclusive": [
        1054,
        432,
        1114,
        473
      ],
      "ink_pixels": 1346,
      "bbox_area": 2562,
      "ink_ratio": 0.5253708040593287,
      "has_ink": true,
      "judge_score": 0.3019196712161116
    },
    {
      "det_index": 1,
      "label": "face",
      "score": 0.7517780661582947,
      "bbox_xyxy": [
        965.2420043945312,
        410.08294677734375,
        1120.1417236328125,
        575.1073608398438
      ],
      "bbox_xyxy_int_inclusive": [
        965,
        410,
        1120,
        575
      ],
      "ink_pixels": 7546,
      "bbox_area": 25896,
      "ink_ratio": 0.2913963546493667,
      "has_ink": true,
      "judge_score": 0.2190653879838775
    },
    {
      "det_index": 0,
      "label": "mouth",
      "score": 0.7629802823066711,