{
  "image": "/home/michael/soma/Bthesis_Dataset/03_sub_cell/C017_B010_sub.png",
  "lines_json": "/Users/niihosoushin/Desktop/BlackMask/05_raf_image_json/C017_B010_raf.json",
  "bbox_json": "/Users/niihosoushin/Desktop/BlackMask/10_output_groundingdino_swiml_prompt_v1/C017_B010_sub.json",
  "criteria": {
    "min_pixels": 10,
    "min_ratio": 0.0005,
    "judge_thresh": 0.02
  },
  "selected_labels": [
    "arm",
    "arm"
  ],
  "selected_detections": [
    {
      "det_index": 2,
      "label": "arm",
      "score": 0.35896673798561096,
      "bbox_xyxy": [
        642.0953979492188,
        224.21612548828125,
        922.6622924804688,
        589.624755859375
      ],
      "bbox_xyxy_int_inclusive": [
        642,
        224,
        922,
        589
      ],
      "ink_pixels": 10972,
      "bbox_area": 102846,
      "ink_ratio": 0.10668377963168232,
      "has_ink": true,
      "judge_score": 0.03829592837036077
    },
    {
      "det_index": 3,
      "label": "arm",
      "score": 0.3286352753639221,
      "bbox_xyxy": [
        532.3582153320312,
        224.28785705566406,
        926.0672607421875,
        744.9114379882812
      ],
      "bbox_xyxy_int_inclusive": [
        532,
        224,
        926,
        744
      ],
      "ink_pixels": 13385,
      "bbox_area": 205795,
      "ink_ratio": 0.06504045287786389,
      "has_ink": true,
      "judge_score": 0.021374587141311
    }
  ],
  "all_scored_detections": [
    {
      "det_index": 2,
      "label": "arm",
      "score": 0.35896673798561096,
      "bbox_xyxy": [
        642.0953979492188,
        224.21612548828125,
        922.6622924804688,
        589.624755859375
      ],
      "bbox_xyxy_int_inclusive": [
        642,
        224,
        922,
        589
      ],
      "ink_pixels": 10972,
      "bbox_area": 102846,
      "ink_ratio": 0.10668377963168232,
      "has_ink": true,
      "judge_score": 0.03829592837036077
    },
    {
      "det_index": 3,
      "label": "arm",
      "score": 0.3286352753639221,
      "bbox_xyxy": [
        532.3582153320312,
        224.28785705566406,
        926.0672607421875,
        744.9114379882812
      ],
      "bbox_xyxy_int_inclusive": [
        532,
        224,
        926,
        744
      ],
      "ink_pixels": 13385,
      "bbox_area": 205795,
      "ink_ratio": 0.06504045287786389,
      "has_ink": true,
      "judge_score": 0.021374587141311
    },
    {
      "det_index": 0,
      "label": "eyes",
      "score": 0.36921414732933044,
      "bbox_xyxy": [
        1014.5675659179688,
        215.8423614501953,
        1074.8311767578125,
        274.2788391113281
      ],
      "bbox_xyxy_int_inclusive": [
        1014,
        215,
        1074,
        274
      ],
      "ink_pixels": 0,
      "bbox_area": 3660,
      "ink_ratio": 0.0,
      "has_ink": false,
      "judge_score": 0.0
    },
    {
      "det_index": 1,
      "label": "eyes",
      "score": 0.36818546056747437,
      "bbox_xyxy": [
        1140.789794921875,
        160.99038696289062,
        1208.867919921875,
        216.73304748535156
      ],
      "bbox_xyxy_int_inclusive": [
        1140,
        160,
        1208,
        216
      ],
      "ink_pixels": 0,
      "bbox_area": 3933,
      "ink_ratio": 0.0,
      "has_ink": false,
      "judge_score": 0.0
    }
  ]
}