{
  "image": "/home/michael/soma/Bthesis_Dataset/03_sub_cell/C018_B001_sub.png",
  "lines_json": "/Users/niihosoushin/Desktop/BlackMask/05_raf_image_json/C018_B001_raf.json",
  "bbox_json": "/Users/niihosoushin/Desktop/BlackMask/10_output_groundingdino_swiml_prompt_v1/C018_B001_sub.json",
  "criteria": {
    "min_pixels": 10,
    "min_ratio": 0.0005,
    "judge_thresh": 0.02
  },
  "selected_labels": [
    "eyes",
    "eyes",
    "face",
    "leg",
    "nose",
    "leg",
    "mouth",
    "arm",
    "head",
    "leg",
    "leg",
    "head",
    "nose",
    "arm",
    "person",
    "person"
  ],
  "selected_detections": [
    {
      "det_index": 3,
      "label": "eyes",
      "score": 0.6242436766624451,
      "bbox_xyxy": [
        844.36865234375,
        339.6539306640625,
        878.623779296875,
        371.6048278808594
      ],
      "bbox_xyxy_int_inclusive": [
        844,
        339,
        878,
        371
      ],
      "ink_pixels": 505,
      "bbox_area": 1155,
      "ink_ratio": 0.43722943722943725,
      "has_ink": true,
      "judge_score": 0.27293771144115564
    },
    {
      "det_index": 5,
      "label": "eyes",
      "score": 0.605877161026001,
      "bbox_xyxy": [
        903.1185913085938,
        335.3540954589844,
        936.841552734375,
        365.81121826171875
      ],
      "bbox_xyxy_int_inclusive": [
        903,
        335,
        936,
        365
      ],
      "ink_pixels": 468,
      "bbox_area": 1054,
      "ink_ratio": 0.444022770398482,
      "has_ink": true,
      "judge_score": 0.2690232555599321
    },
    {
      "det_index": 1,
      "label": "face",
      "score": 0.6821420192718506,
      "bbox_xyxy": [
        839.097900390625,
        307.2347717285156,
        960.0338745117188,
        436.6059265136719
      ],
      "bbox_xyxy_int_inclusive": [
        839,
        307,
        960,
        436
      ],
      "ink_pixels": 3918,
      "bbox_area": 15860,
      "ink_ratio": 0.24703656998738965,
      "has_ink": true,
      "judge_score": 0.1685140246851898
    },
    {
      "det_index": 8,
      "label": "leg",
      "score": 0.4209524393081665,
      "bbox_xyxy": [
        849.5535278320312,
        918.7083740234375,
        951.0552978515625,
        1059.04296875
      ],
      "bbox_xyxy_int_inclusive": [
        849,
        918,
        951,
        1059
      ],
      "ink_pixels": 4541,
      "bbox_area": 14626,
      "ink_ratio": 0.31047449747025846,
      "has_ink": true,
      "judge_score": 0.13069499705308246
    },
    {
      "det_index": 2,
      "label": "nose",
      "score": 0.671268880367279,
      "bbox_xyxy": [
        867.4411010742188,
        348.8085632324219,
        908.180908203125,
        389.5348205566406
      ],
      "bbox_xyxy_int_inclusive": [
        867,
        348,
        908,
        389
      ],
      "ink_pixels": 339,
      "bbox_area": 1764,
      "ink_ratio": 0.1921768707482993,
      "has_ink": true,
      "judge_score": 0.1290023528596982
    },
    {
      "det_index": 9,
      "label": "leg",
      "score": 0.41771793365478516,
      "bbox_xyxy": [
        698.4539184570312,
        918.4721069335938,
        798.656005859375,
        1058.9356689453125
      ],
      "bbox_xyxy_int_inclusive": [
        698,
        918,
        798,
        1058
      ],
      "ink_pixels": 4107,
      "bbox_area": 14241,
      "ink_ratio": 0.28839266905413946,
      "has_ink": true,
      "judge_score": 0.12046678979848344
    },
    {
      "det_index": 0,
      "label": "mouth",
      "score": 0.7476890087127686,
      "bbox_xyxy": [
        867.0322875976562,
        381.50933837890625,
        903.4829711914062,
        398.364990234375
      ],
      "bbox_xyxy_int_inclusive": [
        867,
        381,
        903,
        398
      ],
      "ink_pixels": 91,
      "bbox_area": 666,
      "ink_ratio": 0.13663663663663664,
      "has_ink": true,
      "judge_score": 0.1021617114006936
    },
    {
      "det_index": 6,
      "label": "arm",
      "score": 0.5258246660232544,
      "bbox_xyxy": [
        682.8174438476562,
        63.57804870605469,
        843.3750610351562,
        488.9727783203125
      ],
      "bbox_xyxy_int_inclusive": [
        682,
        63,
        843,
        488
      ],
      "ink_pixels": 11571,
      "bbox_area": 69012,
      "ink_ratio": 0.16766649278386367,
      "has_ink": true,
      "judge_score": 0.0881631775713655
    },
    {
      "det_index": 11,
      "label": "head",
      "score": 0.3548896908760071,
      "bbox_xyxy": [
        813.0817260742188,
        290.6446533203125,
        985.9674072265625,
        445.0731201171875
      ],
      "bbox_xyxy_int_inclusive": [
        813,
        290,
        985,
        445
      ],
      "ink_pixels": 6389,
      "bbox_area": 26988,
      "ink_ratio": 0.236734845116348,
      "has_ink": true,
      "judge_score": 0.08401475600292016
    },
    {
      "det_index": 12,
      "label": "leg",
      "score": 0.3280150592327118,
      "bbox_xyxy": [
        696.9271240234375,
        763.139892578125,
        799.9862060546875,
        1058.5263671875
      ],
      "bbox_xyxy_int_inclusive": [
        696,
        763,
        799,
        1058
      ],
      "ink_pixels": 7680,
      "bbox_area": 30784,
      "ink_ratio": 0.2494802494802495,
      "has_ink": true,
      "judge_score": 0.08183327881065575
    },
    {
      "det_index": 13,
      "label": "leg",
      "score": 0.3199021518230438,
      "bbox_xyxy": [
        840.6554565429688,
        762.4232788085938,
        952.3931274414062,
        1058.580322265625
      ],
      "bbox_xyxy_int_inclusive": [
        840,
        762,
        952,
        1058
      ],
      "ink_pixels": 8552,
      "bbox_area": 33561,
      "ink_ratio": 0.25481958225321055,
      "has_ink": true,
      "judge_score": 0.08151733268945116
    },
    {
      "det_index": 10,
      "label": "head",
      "score": 0.3893476724624634,
      "bbox_xyxy": [
        793.0812377929688,
        175.12747192382812,
        1067.6065673828125,
        491.5443115234375
      ],
      "bbox_xyxy_int_inclusive": [
        793,
        175,
        1067,
        491
      ],
      "ink_pixels": 15564,
      "bbox_area": 87175,
      "ink_ratio": 0.17853742472039003,
      "has_ink": true,
      "judge_score": 0.06951313076232613
    },
    {
      "det_index": 15,
      "label": "nose",
      "score": 0.31003642082214355,
      "bbox_xyxy": [
        926.5847778320312,
        354.5500183105469,
        959.77783203125,
        385.6738586425781
      ],
      "bbox_xyxy_int_inclusive": [
        926,
        354,
        959,
        385
      ],
      "ink_pixels": 222,
      "bbox_area": 1088,
      "ink_ratio": 0.20404411764705882,
      "has_ink": true,
      "judge_score": 0.0632611079251065
    },
    {
      "det_index": 4,
      "label": "arm",
      "score": 0.6234875917434692,
      "bbox_xyxy": [
        957.2648315429688,
        505.4408264160156,
        1293.9154052734375,
        750.7733154296875
      ],
      "bbox_xyxy_int_inclusive": [
        957,
        505,
        1293,
        750
      ],
      "ink_pixels": 7892,
      "bbox_area": 82902,
      "ink_ratio": 0.09519673831753155,
      "has_ink": true,
      "judge_score": 0.05935398511543098
    },
    {
      "det_index": 7,
      "label": "person",
      "score": 0.5071098804473877,
      "bbox_xyxy": [
        522.7465209960938,
        61.98396301269531,
        1292.1077880859375,
        1059.142333984375
      ],
      "bbox_xyxy_int_inclusive": [
        522,
        61,
        1292,
        1059
      ],
      "ink_pixels": 78422,
      "bbox_area": 770229,
      "ink_ratio": 0.10181647276329507,
      "has_ink": true,
      "judge_score": 0.05163213933056927
    },
    {
      "det_index": 14,
      "label": "person",
      "score": 0.3119993507862091,