{
  "image": "/home/michael/soma/Bthesis_Dataset/03_sub_cell/C028_C00_sub.png",
  "lines_json": "/Users/niihosoushin/Desktop/BlackMask/05_raf_image_json/C028_C00_raf.json",
  "bbox_json": "/Users/niihosoushin/Desktop/BlackMask/10_output_groundingdino_swiml_prompt_v1/C028_C00_sub.json",
  "criteria": {
    "min_pixels": 10,
    "min_ratio": 0.0005,
    "judge_thresh": 0.02
  },
  "selected_labels": [
    "eyes",
    "eyes",
    "mouth",
    "face"
  ],
  "selected_detections": [
    {
      "det_index": 2,
      "label": "eyes",
      "score": 0.4445241391658783,
      "bbox_xyxy": [
        727.7407836914062,
        446.0015869140625,
        793.227783203125,
        471.6165466308594
      ],
      "bbox_xyxy_int_inclusive": [
        727,
        446,
        793,
        471
      ],
      "ink_pixels": 732,
      "bbox_area": 1742,
      "ink_ratio": 0.42020665901262916,
      "has_ink": true,
      "judge_score": 0.18679200336935872
    },
    {
      "det_index": 3,
      "label": "eyes",
      "score": 0.42297476530075073,
      "bbox_xyxy": [
        861.3065795898438,
        475.55804443359375,
        945.3095092773438,
        518.2640991210938
      ],
      "bbox_xyxy_int_inclusive": [
        861,
        475,
        945,
        518
      ],
      "ink_pixels": 1031,
      "bbox_area": 3740,
      "ink_ratio": 0.275668449197861,
      "has_ink": true,
      "judge_score": 0.11660079760028717
    },
    {
      "det_index": 7,
      "label": "mouth",
      "score": 0.34130704402923584,
      "bbox_xyxy": [
        861.7872314453125,
        475.21441650390625,
        945.4849853515625,
        518.2189331054688
      ],
      "bbox_xyxy_int_inclusive": [
        861,
        475,
        945,
        518
      ],
      "ink_pixels": 1031,
      "bbox_area": 3740,
      "ink_ratio": 0.275668449197861,
      "has_ink": true,
      "judge_score": 0.0940875835278455
    },
    {
      "det_index": 0,
      "label": "face",
      "score": 0.769522488117218,
      "bbox_xyxy": [
        706.5232543945312,
        320.316650390625,
        989.0171508789062,
        570.6532592773438
      ],
      "bbox_xyxy_int_inclusive": [
        706,
        320,
        989,
        570
      ],
      "ink_pixels": 2751,
      "bbox_area": 71284,
      "ink_ratio": 0.038592110431513386,
      "has_ink": true,
      "judge_score": 0.029697496840952624
    }
  ],
  "all_scored_detections": [
    {
      "det_index": 2,
      "label": "eyes",
      "score": 0.4445241391658783,
      "bbox_xyxy": [
        727.7407836914062,
        446.0015869140625,
        793.227783203125,
        471.6165466308594
      ],
      "bbox_xyxy_int_inclusive": [
        727,
        446,
        793,
        471
      ],
      "ink_pixels": 732,
      "bbox_area": 1742,
      "ink_ratio": 0.42020665901262916,
      "has_ink": true,
      "judge_score": 0.18679200336935872
    },
    {
      "det_index": 3,
      "label": "eyes",
      "score": 0.42297476530075073,
      "bbox_xyxy": [
        861.3065795898438,
        475.55804443359375,
        945.3095092773438,
        518.2640991210938
      ],
      "bbox_xyxy_int_inclusive": [
        861,
        475,
        945,
        518
      ],
      "ink_pixels": 1031,
      "bbox_area": 3740,
      "ink_ratio": 0.275668449197861,
      "has_ink": true,
      "judge_score": 0.11660079760028717
    },
    {
      "det_index": 7,
      "label": "mouth",
      "score": 0.34130704402923584,
      "bbox_xyxy": [
        861.7872314453125,
        475.21441650390625,
        945.4849853515625,
        518.2189331054688
      ],
      "bbox_xyxy_int_inclusive": [
        861,
        475,
        945,
        518
      ],
      "ink_pixels": 1031,
      "bbox_area": 3740,
      "ink_ratio": 0.275668449197861,
      "has_ink": true,
      "judge_score": 0.0940875835278455
    },
    {
      "det_index": 0,
      "label": "face",
      "score": 0.769522488117218,
      "bbox_xyxy": [
        706.5232543945312,
        320.316650390625,
        989.0171508789062,
        570.6532592773438
      ],
      "bbox_xyxy_int_inclusive": [
        706,
        320,
        989,
        570
      ],
      "ink_pixels": 2751,
      "bbox_area": 71284,
      "ink_ratio": 0.038592110431513386,
      "has_ink": true,
      "judge_score": 0.029697496840952624
    },
    {
      "det_index": 11,
      "label": "head",
      "score": 0.31228187680244446,
      "bbox_xyxy": [
        650.2301025390625,
        308.8327331542969,
        1086.71435546875,
        599.1072387695312
      ],
      "bbox_xyxy_int_inclusive": [
        650,
        308,
        1086,
        599
      ],
      "ink_pixels": 2752,
      "bbox_area": 127604,
      "ink_ratio": 0.021566722046330835,
      "has_ink": true,
      "judge_score": 0.006734896437104849
    },
    {
      "det_index": 5,
      "label": "arm",
      "score": 0.3885590136051178,
      "bbox_xyxy": [
        494.1173400878906,
        466.6481628417969,
        1020.0419921875,
        658.9627075195312
      ],
      "bbox_xyxy_int_inclusive": [
        494,
        466,
        1020,
        658
      ],
      "ink_pixels": 1190,
      "bbox_area": 101711,
      "ink_ratio": 0.011699816145746281,
      "has_ink": true,
      "judge_score": 0.004546069020952406
    },
    {
      "det_index": 1,
      "label": "person",
      "score": 0.6259636878967285,
      "bbox_xyxy": [
        494.18310546875,
        113.86392974853516,
        1248.771484375,
        741.6266479492188
      ],
      "bbox_xyxy_int_inclusive": [
        494,
        113,
        1248,
        741
      ],
      "ink_pixels": 3289,
      "bbox_area": 474895,
      "ink_ratio": 0.006925741479695512,
      "has_ink": true,
      "judge_score": 0.004335262678049548
    },
    {
      "det_index": 4,
      "label": "head",
      "score": 0.39188218116760254,
      "bbox_xyxy": [
        564.5042724609375,
        123.56571197509766,
        1196.8731689453125,
        622.4279174804688
      ],
      "bbox_xyxy_int_inclusive": [
        564,
        123,
        1196,
        622
      ],
      "ink_pixels": 2934,
      "bbox_area": 316500,
      "ink_ratio": 0.009270142180094787,
      "has_ink": true,
      "judge_score": 0.0036328035372693392
    },
    {
      "det_index": 10,
      "label": "nose",
      "score": 0.3262351155281067,
      "bbox_xyxy": [
        799.2119750976562,
        464.9876403808594,
        864.8565673828125,
        518.5621337890625
      ],
      "bbox_xyxy_int_inclusive": [
        799,
        464,
        864,
        518
      ],
      "ink_pixels": 38,
      "bbox_area": 3630,
      "ink_ratio": 0.01046831955922865,
      "has_ink": true,
      "judge_score": 0.0034151334407900974
    },
    {
      "det_index": 6,
      "label": "arm",
      "score": 0.35036614537239075,
      "bbox_xyxy": [
        493.2526550292969,
        467.1878356933594,
        631.3331298828125,
        558.099609375
      ],
      "bbox_xyxy_int_inclusive": [
        493,
        467,
        631,
        558
      ],
      "ink_pixels": 0,
      "bbox_area": 12788,
      "ink_ratio": 0.0,
      "has_ink": false,
      "judge_score": 0.0
    },
    {
      "det_index": 8,
      "label": "arm",
      "score": 0.3371569812297821,
      "bbox_xyxy": [
        906.2466430664062,
        549.9476318359375,
        1020.5517578125,
        660.6885375976562
      ],
      "bbox_xyxy_int_inclusive": [
        906,
        549,
        1020,
        660
      ],
      "ink_pixels": 0,
      "bbox_area": 12880,
      "ink_ratio": 0.0,
      "has_ink": false,
      "judge_score": 0.0
    },
    {
      "det_index": 9,
      "label": "mouth",
      "score": 0.33180877566337585,
      "bbox_xyxy": [
        901.72509765625,
        522.7429809570312,
        946.78955078125,
        553.5144653320312
      ],
      "bbox_xyxy_int_inclusive": [
        901,
        522,
        946,
        553
      ],