{
  "image": "/home/michael/soma/Bthesis_Dataset/02_sub_cell/C028_C00_sub.png",
  "lines_json": "/Users/niihosoushin/Desktop/BlackMask/05_raf_image_json/C028_C00_raf.json",
  "bbox_json": "/Users/niihosoushin/Desktop/BlackMask/03_sub_cell/C028_C00_sub.json",
  "criteria": {
    "min_pixels": 10,
    "min_ratio": 0.0005,
    "judge_thresh": 0.02
  },
  "selected_labels": [
    "mouth",
    "mouth",
    "eyes"
  ],
  "selected_detections": [
    {
      "det_index": 1,
      "label": "mouth",
      "score": 0.506756603717804,
      "bbox_xyxy": [
        728.6484375,
        448.6329650878906,
        793.0086669921875,
        471.0108642578125
      ],
      "bbox_xyxy_int_inclusive": [
        728,
        448,
        793,
        471
      ],
      "ink_pixels": 672,
      "bbox_area": 1584,
      "ink_ratio": 0.42424242424242425,
      "has_ink": true,
      "judge_score": 0.21498765006209866
    },
    {
      "det_index": 0,
      "label": "mouth",
      "score": 0.5963864922523499,
      "bbox_xyxy": [
        862.9765625,
        477.9122619628906,
        945.3939208984375,
        519.9533081054688
      ],
      "bbox_xyxy_int_inclusive": [
        862,
        477,
        945,
        519
      ],
      "ink_pixels": 995,
      "bbox_area": 3612,
      "ink_ratio": 0.2754706533776301,
      "has_ink": true,
      "judge_score": 0.16428697668634776
    },
    {
      "det_index": 3,
      "label": "eyes",
      "score": 0.42266300320625305,
      "bbox_xyxy": [
        778.1405639648438,
        397.11871337890625,
        808.06396484375,
        410.82623291015625
      ],
      "bbox_xyxy_int_inclusive": [
        778,
        397,
        808,
        410
      ],
      "ink_pixels": 162,
      "bbox_area": 434,
      "ink_ratio": 0.37327188940092165,
      "has_ink": true,
      "judge_score": 0.1577682177866659
    }
  ],
  "all_scored_detections": [
    {
      "det_index": 1,
      "label": "mouth",
      "score": 0.506756603717804,
      "bbox_xyxy": [
        728.6484375,
        448.6329650878906,
        793.0086669921875,
        471.0108642578125
      ],
      "bbox_xyxy_int_inclusive": [
        728,
        448,
        793,
        471
      ],
      "ink_pixels": 672,
      "bbox_area": 1584,
      "ink_ratio": 0.42424242424242425,
      "has_ink": true,
      "judge_score": 0.21498765006209866
    },
    {
      "det_index": 0,
      "label": "mouth",
      "score": 0.5963864922523499,
      "bbox_xyxy": [
        862.9765625,
        477.9122619628906,
        945.3939208984375,
        519.9533081054688
      ],
      "bbox_xyxy_int_inclusive": [
        862,
        477,
        945,
        519
      ],
      "ink_pixels": 995,
      "bbox_area": 3612,
      "ink_ratio": 0.2754706533776301,
      "has_ink": true,
      "judge_score": 0.16428697668634776
    },
    {
      "det_index": 3,
      "label": "eyes",
      "score": 0.42266300320625305,
      "bbox_xyxy": [
        778.1405639648438,
        397.11871337890625,
        808.06396484375,
        410.82623291015625
      ],
      "bbox_xyxy_int_inclusive": [
        778,
        397,
        808,
        410
      ],
      "ink_pixels": 162,
      "bbox_area": 434,
      "ink_ratio": 0.37327188940092165,
      "has_ink": true,
      "judge_score": 0.1577682177866659
    },
    {
      "det_index": 7,
      "label": "face",
      "score": 0.3788160979747772,
      "bbox_xyxy": [
        708.9783935546875,
        325.8472595214844,
        987.5712890625,
        567.53564453125
      ],
      "bbox_xyxy_int_inclusive": [
        708,
        325,
        987,
        567
      ],
      "ink_pixels": 2751,
      "bbox_area": 68040,
      "ink_ratio": 0.0404320987654321,
      "has_ink": true,
      "judge_score": 0.015316329887251795
    },
    {
      "det_index": 6,
      "label": "head",
      "score": 0.3797896206378937,
      "bbox_xyxy": [
        652.0338745117188,
        312.66448974609375,
        1090.960205078125,
        596.5798950195312
      ],
      "bbox_xyxy_int_inclusive": [
        652,
        312,
        1090,
        596
      ],
      "ink_pixels": 2752,
      "bbox_area": 125115,
      "ink_ratio": 0.02199576389721456,
      "has_ink": true,
      "judge_score": 0.008353762826163796
    },
    {
      "det_index": 2,
      "label": "person",
      "score": 0.46479931473731995,
      "bbox_xyxy": [
        495.3345642089844,
        114.35060119628906,
        1248.783203125,
        741.2446899414062
      ],
      "bbox_xyxy_int_inclusive": [
        495,
        114,
        1248,
        741
      ],
      "ink_pixels": 3289,
      "bbox_area": 473512,
      "ink_ratio": 0.006945969690314078,
      "has_ink": true,
      "judge_score": 0.003228481952244178
    },
    {
      "det_index": 4,
      "label": "nose",
      "score": 0.3964972496032715,
      "bbox_xyxy": [
        801.1495361328125,
        469.1378173828125,
        833.5145874023438,
        490.6532287597656
      ],
      "bbox_xyxy_int_inclusive": [
        801,
        469,
        833,
        490
      ],
      "ink_pixels": 3,
      "bbox_area": 726,
      "ink_ratio": 0.004132231404958678,
      "has_ink": false,
      "judge_score": 0.0
    },
    {
      "det_index": 5,
      "label": "nose",
      "score": 0.39457884430885315,
      "bbox_xyxy": [
        902.3226928710938,
        525.8461303710938,
        946.2442626953125,
        553.6234130859375
      ],
      "bbox_xyxy_int_inclusive": [
        902,
        525,
        946,
        553
      ],
      "ink_pixels": 0,
      "bbox_area": 1305,
      "ink_ratio": 0.0,
      "has_ink": false,
      "judge_score": 0.0
    }
  ]
}