{
  "image": "/home/michael/soma/Bthesis_Dataset/03_sub_cell/C035_B001_sub.png",
  "lines_json": "/Users/niihosoushin/Desktop/BlackMask/05_raf_image_json/C035_B001_raf.json",
  "bbox_json": "/Users/niihosoushin/Desktop/BlackMask/10_output_groundingdino_swiml_prompt_v1/C035_B001_sub.json",
  "criteria": {
    "min_pixels": 10,
    "min_ratio": 0.0005,
    "judge_thresh": 0.02
  },
  "selected_labels": [
    "mouth",
    "nose",
    "eyes",
    "face",
    "eyes",
    "head",
    "eyes",
    "leg",
    "arm",
    "mouth",
    "person",
    "arm",
    "head",
    "leg",
    "leg",
    "leg",
    "person",
    "person"
  ],
  "selected_detections": [
    {
      "det_index": 2,
      "label": "mouth",
      "score": 0.5689929723739624,
      "bbox_xyxy": [
        1044.5240478515625,
        355.8892517089844,
        1062.80078125,
        367.6839294433594
      ],
      "bbox_xyxy_int_inclusive": [
        1044,
        355,
        1062,
        367
      ],
      "ink_pixels": 148,
      "bbox_area": 247,
      "ink_ratio": 0.5991902834008097,
      "has_ink": true,
      "judge_score": 0.34093506036982363
    },
    {
      "det_index": 1,
      "label": "nose",
      "score": 0.6206910014152527,
      "bbox_xyxy": [
        1040.3067626953125,
        332.19873046875,
        1063.783447265625,
        365.3917541503906
      ],
      "bbox_xyxy_int_inclusive": [
        1040,
        332,
        1063,
        365
      ],
      "ink_pixels": 366,
      "bbox_area": 816,
      "ink_ratio": 0.4485294117647059,
      "has_ink": true,
      "judge_score": 0.27839816975242954
    },
    {
      "det_index": 11,
      "label": "eyes",
      "score": 0.3684306740760803,
      "bbox_xyxy": [
        1034.706298828125,
        326.29071044921875,
        1051.5748291015625,
        343.9056396484375
      ],
      "bbox_xyxy_int_inclusive": [
        1034,
        326,
        1051,
        343
      ],
      "ink_pixels": 233,
      "bbox_area": 324,
      "ink_ratio": 0.7191358024691358,
      "has_ink": true,
      "judge_score": 0.26495168845594663
    },
    {
      "det_index": 0,
      "label": "face",
      "score": 0.6468411087989807,
      "bbox_xyxy": [
        1033.5479736328125,
        298.4584045410156,
        1111.1986083984375,
        391.5382080078125
      ],
      "bbox_xyxy_int_inclusive": [
        1033,
        298,
        1111,
        391
      ],
      "ink_pixels": 2943,
      "bbox_area": 7426,
      "ink_ratio": 0.3963102612442769,
      "has_ink": true,
      "judge_score": 0.25634976881166177
    },
    {
      "det_index": 14,
      "label": "eyes",
      "score": 0.3363550305366516,
      "bbox_xyxy": [
        1055.2266845703125,
        318.4254455566406,
        1078.947998046875,
        334.97344970703125
      ],
      "bbox_xyxy_int_inclusive": [
        1055,
        318,
        1078,
        334
      ],
      "ink_pixels": 222,
      "bbox_area": 408,
      "ink_ratio": 0.5441176470588235,
      "has_ink": true,
      "judge_score": 0.1830167077920016
    },
    {
      "det_index": 8,
      "label": "head",
      "score": 0.4769577980041504,
      "bbox_xyxy": [
        1015.9900512695312,
        270.5782775878906,
        1137.5081787109375,
        396.00286865234375
      ],
      "bbox_xyxy_int_inclusive": [
        1015,
        270,
        1137,
        396
      ],
      "ink_pixels": 5866,
      "bbox_area": 15621,
      "ink_ratio": 0.37552013315408744,
      "has_ink": true,
      "judge_score": 0.1791072558153989
    },
    {
      "det_index": 12,
      "label": "eyes",
      "score": 0.35811561346054077,
      "bbox_xyxy": [
        1070.791748046875,
        323.6305847167969,
        1095.9149169921875,
        342.48370361328125
      ],
      "bbox_xyxy_int_inclusive": [
        1070,
        323,
        1095,
        342
      ],
      "ink_pixels": 233,
      "bbox_area": 520,
      "ink_ratio": 0.4480769230769231,
      "has_ink": true,
      "judge_score": 0.16046334218520386
    },
    {
      "det_index": 13,
      "label": "leg",
      "score": 0.3410683870315552,
      "bbox_xyxy": [
        401.8653564453125,
        459.23602294921875,
        658.3839111328125,
        552.166748046875
      ],
      "bbox_xyxy_int_inclusive": [
        401,
        459,
        658,
        552
      ],
      "ink_pixels": 10254,
      "bbox_area": 24252,
      "ink_ratio": 0.42281048985650665,
      "has_ink": true,
      "judge_score": 0.14420729179538044
    },
    {
      "det_index": 4,
      "label": "arm",
      "score": 0.5290759205818176,
      "bbox_xyxy": [
        1065.1689453125,
        435.77471923828125,
        1224.19189453125,
        656.2042236328125
      ],
      "bbox_xyxy_int_inclusive": [
        1065,
        435,
        1224,
        656
      ],
      "ink_pixels": 9471,
      "bbox_area": 35520,
      "ink_ratio": 0.26663851351351353,
      "has_ink": true,
      "judge_score": 0.1410720169997296
    },
    {
      "det_index": 15,
      "label": "mouth",
      "score": 0.3155212104320526,
      "bbox_xyxy": [
        1034.965087890625,
        372.38482666015625,
        1055.0362548828125,
        390.93145751953125
      ],
      "bbox_xyxy_int_inclusive": [
        1034,
        372,
        1055,
        390
      ],
      "ink_pixels": 179,
      "bbox_area": 418,
      "ink_ratio": 0.42822966507177035,
      "has_ink": true,
      "judge_score": 0.13511554226635747
    },
    {
      "det_index": 6,
      "label": "person",
      "score": 0.4923030734062195,
      "bbox_xyxy": [
        328.5978698730469,
        332.83990478515625,
        834.6849975585938,
        576.4152221679688
      ],
      "bbox_xyxy_int_inclusive": [
        328,
        332,
        834,
        576
      ],
      "ink_pixels": 27223,
      "bbox_area": 124215,
      "ink_ratio": 0.21916032685263453,
      "has_ink": true,
      "judge_score": 0.10789330247826359
    },
    {
      "det_index": 3,
      "label": "arm",
      "score": 0.5478503704071045,
      "bbox_xyxy": [
        786.876953125,
        423.13177490234375,
        1031.9315185546875,
        572.2456665039062
      ],
      "bbox_xyxy_int_inclusive": [
        786,
        423,
        1031,
        572
      ],
      "ink_pixels": 6437,
      "bbox_area": 36900,
      "ink_ratio": 0.17444444444444446,
      "has_ink": true,
      "judge_score": 0.09556945350435046
    },
    {
      "det_index": 10,
      "label": "head",
      "score": 0.3904325067996979,
      "bbox_xyxy": [
        946.6220703125,
        196.47189331054688,
        1252.648681640625,
        421.75872802734375
      ],
      "bbox_xyxy_int_inclusive": [
        946,
        196,
        1252,
        421
      ],
      "ink_pixels": 14648,
      "bbox_area": 69382,
      "ink_ratio": 0.21112104003920326,
      "has_ink": true,
      "judge_score": 0.08242851690066552
    },
    {
      "det_index": 17,
      "label": "leg",
      "score": 0.30633318424224854,
      "bbox_xyxy": [
        419.513427734375,
        367.3818664550781,
        833.2904663085938,
        563.9622802734375
      ],
      "bbox_xyxy_int_inclusive": [
        419,
        367,
        833,
        563
      ],
      "ink_pixels": 19021,
      "bbox_area": 81755,
      "ink_ratio": 0.2326585529937007,
      "has_ink": true,
      "judge_score": 0.07127103537975427
    },
    {
      "det_index": 9,
      "label": "leg",
      "score": 0.4000686705112457,
      "bbox_xyxy": [
        881.3237915039062,
        710.8121337890625,
        1025.59033203125,
        1054.4500732421875
      ],
      "bbox_xyxy_int_inclusive": [
        881,
        710,
        1025,
        1054
      ],
      "ink_pixels": 8610,
      "bbox_area": 50025,
      "ink_ratio": 0.17211394302848576,
      "has_ink": true,
      "judge_score": 0.06885739636385459
    },
    {
      "det_index": 7,
      "label": "leg",
      "score": 0.480849951505661,