{
  "image": "/home/michael/soma/Bthesis_Dataset/03_sub_cell/C037_A001_sub.png",
  "lines_json": "/Users/niihosoushin/Desktop/BlackMask/05_raf_image_json/C037_A001_raf.json",
  "bbox_json": "/Users/niihosoushin/Desktop/BlackMask/10_output_groundingdino_swiml_prompt_v1/C037_A001_sub.json",
  "criteria": {
    "min_pixels": 10,
    "min_ratio": 0.0005,
    "judge_thresh": 0.02
  },
  "selected_labels": [
    "eyes",
    "person",
    "head",
    "face"
  ],
  "selected_detections": [
    {
      "det_index": 2,
      "label": "eyes",
      "score": 0.42648008465766907,
      "bbox_xyxy": [
        465.34417724609375,
        160.78746032714844,
        1673.3365478515625,
        1046.82666015625
      ],
      "bbox_xyxy_int_inclusive": [
        465,
        160,
        1673,
        1046
      ],
      "ink_pixels": 130678,
      "bbox_area": 1072383,
      "ink_ratio": 0.12185758259875436,
      "has_ink": true,
      "judge_score": 0.05196983214289566
    },
    {
      "det_index": 0,
      "label": "person",
      "score": 0.563350260257721,
      "bbox_xyxy": [
        182.22572326660156,
        0.0,
        1840.5487060546875,
        1049.10595703125
      ],
      "bbox_xyxy_int_inclusive": [
        182,
        0,
        1840,
        1049
      ],
      "ink_pixels": 147947,
      "bbox_area": 1741950,
      "ink_ratio": 0.0849318292717931,
      "has_ink": true,
      "judge_score": 0.04784636812442897
    },
    {
      "det_index": 1,
      "label": "head",
      "score": 0.5461183786392212,
      "bbox_xyxy": [
        183.44891357421875,
        1.1379057168960571,
        1837.533447265625,
        1047.9923095703125
      ],
      "bbox_xyxy_int_inclusive": [
        183,
        1,
        1837,
        1047
      ],
      "ink_pixels": 147837,
      "bbox_area": 1732785,
      "ink_ratio": 0.0853175668071919,
      "has_ink": true,
      "judge_score": 0.046593491254187075
    },
    {
      "det_index": 3,
      "label": "face",
      "score": 0.41681891679763794,
      "bbox_xyxy": [
        183.44891357421875,
        1.1379057168960571,
        1837.533447265625,
        1047.9923095703125
      ],
      "bbox_xyxy_int_inclusive": [
        183,
        1,
        1837,
        1047
      ],
      "ink_pixels": 147837,
      "bbox_area": 1732785,
      "ink_ratio": 0.0853175668071919,
      "has_ink": true,
      "judge_score": 0.03556197578038384
    }
  ],
  "all_scored_detections": [
    {
      "det_index": 2,
      "label": "eyes",
      "score": 0.42648008465766907,
      "bbox_xyxy": [
        465.34417724609375,
        160.78746032714844,
        1673.3365478515625,
        1046.82666015625
      ],
      "bbox_xyxy_int_inclusive": [
        465,
        160,
        1673,
        1046
      ],
      "ink_pixels": 130678,
      "bbox_area": 1072383,
      "ink_ratio": 0.12185758259875436,
      "has_ink": true,
      "judge_score": 0.05196983214289566
    },
    {
      "det_index": 0,
      "label": "person",
      "score": 0.563350260257721,
      "bbox_xyxy": [
        182.22572326660156,
        0.0,
        1840.5487060546875,
        1049.10595703125
      ],
      "bbox_xyxy_int_inclusive": [
        182,
        0,
        1840,
        1049
      ],
      "ink_pixels": 147947,
      "bbox_area": 1741950,
      "ink_ratio": 0.0849318292717931,
      "has_ink": true,
      "judge_score": 0.04784636812442897
    },
    {
      "det_index": 1,
      "label": "head",
      "score": 0.5461183786392212,
      "bbox_xyxy": [
        183.44891357421875,
        1.1379057168960571,
        1837.533447265625,
        1047.9923095703125
      ],
      "bbox_xyxy_int_inclusive": [
        183,
        1,
        1837,
        1047
      ],
      "ink_pixels": 147837,
      "bbox_area": 1732785,
      "ink_ratio": 0.0853175668071919,
      "has_ink": true,
      "judge_score": 0.046593491254187075
    },
    {
      "det_index": 3,
      "label": "face",
      "score": 0.41681891679763794,
      "bbox_xyxy": [
        183.44891357421875,
        1.1379057168960571,
        1837.533447265625,
        1047.9923095703125
      ],
      "bbox_xyxy_int_inclusive": [
        183,
        1,
        1837,
        1047
      ],
      "ink_pixels": 147837,
      "bbox_area": 1732785,
      "ink_ratio": 0.0853175668071919,
      "has_ink": true,
      "judge_score": 0.03556197578038384
    },
    {
      "det_index": 4,
      "label": "nose",
      "score": 0.3315402567386627,
      "bbox_xyxy": [
        457.3478088378906,
        576.6677856445312,
        794.8777465820312,
        1047.5225830078125
      ],
      "bbox_xyxy_int_inclusive": [
        457,
        576,
        794,
        1047
      ],
      "ink_pixels": 4218,
      "bbox_area": 159536,
      "ink_ratio": 0.026439173603450005,
      "has_ink": true,
      "judge_score": 0.00876565040444589
    }
  ]
}