{
  "image": "/home/michael/soma/Bthesis_Dataset/03_sub_cell/C041_C001_sub.png",
  "lines_json": "/Users/niihosoushin/Desktop/BlackMask/05_raf_image_json/C041_C001_raf.json",
  "bbox_json": "/Users/niihosoushin/Desktop/BlackMask/10_output_groundingdino_swiml_prompt_v1/C041_C001_sub.json",
  "criteria": {
    "min_pixels": 10,
    "min_ratio": 0.0005,
    "judge_thresh": 0.02
  },
  "selected_labels": [
    "eyes"
  ],
  "selected_detections": [
    {
      "det_index": 3,
      "label": "eyes",
      "score": 0.3320292532444,
      "bbox_xyxy": [
        479.0484619140625,
        2.4167401790618896,
        1131.6566162109375,
        793.0774536132812
      ],
      "bbox_xyxy_int_inclusive": [
        479,
        2,
        1131,
        793
      ],
      "ink_pixels": 48771,
      "bbox_area": 517176,
      "ink_ratio": 0.09430251983850758,
      "has_ink": true,
      "judge_score": 0.03131119524104489
    }
  ],
  "all_scored_detections": [
    {
      "det_index": 3,
      "label": "eyes",
      "score": 0.3320292532444,
      "bbox_xyxy": [
        479.0484619140625,
        2.4167401790618896,
        1131.6566162109375,
        793.0774536132812
      ],
      "bbox_xyxy_int_inclusive": [
        479,
        2,
        1131,
        793
      ],
      "ink_pixels": 48771,
      "bbox_area": 517176,
      "ink_ratio": 0.09430251983850758,
      "has_ink": true,
      "judge_score": 0.03131119524104489
    },
    {
      "det_index": 4,
      "label": "head",
      "score": 0.3257744610309601,
      "bbox_xyxy": [
        476.26397705078125,
        0.06037747859954834,
        1581.917724609375,
        873.2880859375
      ],
      "bbox_xyxy_int_inclusive": [
        476,
        0,
        1581,
        873
      ],
      "ink_pixels": 50808,
      "bbox_area": 966644,
      "ink_ratio": 0.052561232470278614,
      "has_ink": true,
      "judge_score": 0.017123107179128013
    },
    {
      "det_index": 5,
      "label": "person",
      "score": 0.32271236181259155,
      "bbox_xyxy": [
        475.3601379394531,
        0.0,
        1584.3560791015625,
        873.3419189453125
      ],
      "bbox_xyxy_int_inclusive": [
        475,
        0,
        1584,
        873
      ],
      "ink_pixels": 50808,
      "bbox_area": 970140,
      "ink_ratio": 0.05237182262353887,
      "has_ink": true,
      "judge_score": 0.016901034571272344
    },
    {
      "det_index": 0,
      "label": "person",
      "score": 0.3679400682449341,
      "bbox_xyxy": [
        0.3431345522403717,
        0.0,
        1585.4124755859375,
        873.04541015625
      ],
      "bbox_xyxy_int_inclusive": [
        0,
        0,
        1585,
        873
      ],
      "ink_pixels": 54257,
      "bbox_area": 1386164,
      "ink_ratio": 0.039141833145284397,
      "has_ink": true,
      "judge_score": 0.014401848758707763
    },
    {
      "det_index": 2,
      "label": "head",
      "score": 0.33607596158981323,
      "bbox_xyxy": [
        1.2437031269073486,
        0.12109357118606567,
        1585.8431396484375,
        873.3218383789062
      ],
      "bbox_xyxy_int_inclusive": [
        1,
        0,
        1585,
        873
      ],
      "ink_pixels": 54257,
      "bbox_area": 1385290,
      "ink_ratio": 0.039166528308152086,
      "has_ink": true,
      "judge_score": 0.013162928663296854
    },
    {
      "det_index": 1,
      "label": "mouth",
      "score": 0.35299748182296753,
      "bbox_xyxy": [
        803.27099609375,
        769.85546875,
        1176.209228515625,
        873.1368408203125
      ],
      "bbox_xyxy_int_inclusive": [
        803,
        769,
        1176,
        873
      ],
      "ink_pixels": 111,
      "bbox_area": 39270,
      "ink_ratio": 0.002826585179526356,
      "has_ink": true,
      "judge_score": 0.0009977774505309242
    }
  ]
}