{
  "image": "/home/michael/soma/Bthesis_Dataset/02_sub_cell/C041_C001_sub.png",
  "lines_json": "/Users/niihosoushin/Desktop/BlackMask/05_raf_image_json/C041_C001_raf.json",
  "bbox_json": "/Users/niihosoushin/Desktop/BlackMask/03_sub_cell/C041_C001_sub.json",
  "criteria": {
    "min_pixels": 10,
    "min_ratio": 0.0005,
    "judge_thresh": 0.02
  },
  "selected_labels": [
    "eyes",
    "face",
    "head"
  ],
  "selected_detections": [
    {
      "det_index": 1,
      "label": "eyes",
      "score": 0.3589377701282501,
      "bbox_xyxy": [
        744.716064453125,
        282.7984619140625,
        842.5569458007812,
        500.5252380371094
      ],
      "bbox_xyxy_int_inclusive": [
        744,
        282,
        842,
        500
      ],
      "ink_pixels": 4809,
      "bbox_area": 21681,
      "ink_ratio": 0.22180711221807112,
      "has_ink": true,
      "judge_score": 0.07961495025814098
    },
    {
      "det_index": 0,
      "label": "face",
      "score": 0.3656167984008789,
      "bbox_xyxy": [
        623.9227294921875,
        125.02863311767578,
        956.2772216796875,
        670.4292602539062
      ],
      "bbox_xyxy_int_inclusive": [
        623,
        125,
        956,
        670
      ],
      "ink_pixels": 21081,
      "bbox_area": 182364,
      "ink_ratio": 0.11559847338290452,
      "has_ink": true,
      "judge_score": 0.042264743738286766
    },
    {
      "det_index": 3,
      "label": "head",
      "score": 0.30731305480003357,
      "bbox_xyxy": [
        476.4596252441406,
        1.427127718925476,
        1127.210205078125,
        779.62255859375
      ],
      "bbox_xyxy_int_inclusive": [
        476,
        1,
        1127,
        779
      ],
      "ink_pixels": 48737,
      "bbox_area": 507908,
      "ink_ratio": 0.09595635430038511,
      "has_ink": true,
      "judge_score": 0.029488640367525687
    }
  ],
  "all_scored_detections": [
    {
      "det_index": 1,
      "label": "eyes",
      "score": 0.3589377701282501,
      "bbox_xyxy": [
        744.716064453125,
        282.7984619140625,
        842.5569458007812,
        500.5252380371094
      ],
      "bbox_xyxy_int_inclusive": [
        744,
        282,
        842,
        500
      ],
      "ink_pixels": 4809,
      "bbox_area": 21681,
      "ink_ratio": 0.22180711221807112,
      "has_ink": true,
      "judge_score": 0.07961495025814098
    },
    {
      "det_index": 0,
      "label": "face",
      "score": 0.3656167984008789,
      "bbox_xyxy": [
        623.9227294921875,
        125.02863311767578,
        956.2772216796875,
        670.4292602539062
      ],
      "bbox_xyxy_int_inclusive": [
        623,
        125,
        956,
        670
      ],
      "ink_pixels": 21081,
      "bbox_area": 182364,
      "ink_ratio": 0.11559847338290452,
      "has_ink": true,
      "judge_score": 0.042264743738286766
    },
    {
      "det_index": 3,
      "label": "head",
      "score": 0.30731305480003357,
      "bbox_xyxy": [
        476.4596252441406,
        1.427127718925476,
        1127.210205078125,
        779.62255859375
      ],
      "bbox_xyxy_int_inclusive": [
        476,
        1,
        1127,
        779
      ],
      "ink_pixels": 48737,
      "bbox_area": 507908,
      "ink_ratio": 0.09595635430038511,
      "has_ink": true,
      "judge_score": 0.029488640367525687
    },
    {
      "det_index": 2,
      "label": "nose",
      "score": 0.32965078949928284,
      "bbox_xyxy": [
        672.8200073242188,
        166.21328735351562,
        781.5496826171875,
        276.5374755859375
      ],
      "bbox_xyxy_int_inclusive": [
        672,
        166,
        781,
        276
      ],
      "ink_pixels": 335,
      "bbox_area": 12210,
      "ink_ratio": 0.027436527436527438,
      "has_ink": true,
      "judge_score": 0.009044472930570004
    }
  ]
}