{
  "image": "/home/michael/soma/Bthesis_Dataset/02_sub_cell/C042_C009_sub.png",
  "lines_json": "/Users/niihosoushin/Desktop/BlackMask/05_raf_image_json/C042_C009_raf.json",
  "bbox_json": "/Users/niihosoushin/Desktop/BlackMask/04_output_grounding_dino_prompt_v1/C042_C009_sub.json",
  "criteria": {
    "min_pixels": 10,
    "min_ratio": 0.0005,
    "judge_thresh": 0.02
  },
  "selected_labels": [
    "leg"
  ],
  "selected_detections": [
    {
      "det_index": 0,
      "label": "leg",
      "score": 0.3711005747318268,
      "bbox_xyxy": [
        1062.7088623046875,
        381.433349609375,
        1629.795166015625,
        839.5054321289062
      ],
      "bbox_xyxy_int_inclusive": [
        1062,
        381,
        1629,
        839
      ],
      "ink_pixels": 22546,
      "bbox_area": 260712,
      "ink_ratio": 0.08647856638743134,
      "has_ink": true,
      "judge_score": 0.03209224568836021
    }
  ],
  "all_scored_detections": [
    {
      "det_index": 0,
      "label": "leg",
      "score": 0.3711005747318268,
      "bbox_xyxy": [
        1062.7088623046875,
        381.433349609375,
        1629.795166015625,
        839.5054321289062
      ],
      "bbox_xyxy_int_inclusive": [
        1062,
        381,
        1629,
        839
      ],
      "ink_pixels": 22546,
      "bbox_area": 260712,
      "ink_ratio": 0.08647856638743134,
      "has_ink": true,
      "judge_score": 0.03209224568836021
    }
  ]
}