{
  "image": "/home/michael/soma/Bthesis_Dataset/03_sub_cell/C056_F030_sub.png",
  "lines_json": "/Users/niihosoushin/Desktop/BlackMask/05_raf_image_json/C056_F030_raf.json",
  "bbox_json": "/Users/niihosoushin/Desktop/BlackMask/10_output_groundingdino_swiml_prompt_v1/C056_F030_sub.json",
  "criteria": {
    "min_pixels": 10,
    "min_ratio": 0.0005,
    "judge_thresh": 0.02
  },
  "selected_labels": [
    "person"
  ],
  "selected_detections": [
    {
      "det_index": 0,
      "label": "person",
      "score": 0.7237092852592468,
      "bbox_xyxy": [
        465.5240173339844,
        731.0502319335938,
        884.5613403320312,
        1061.8746337890625
      ],
      "bbox_xyxy_int_inclusive": [
        465,
        731,
        884,
        1061
      ],
      "ink_pixels": 31070,
      "bbox_area": 139020,
      "ink_ratio": 0.22349302258667816,
      "has_ink": true,
      "judge_score": 0.16174397563663356
    }
  ],
  "all_scored_detections": [
    {
      "det_index": 0,
      "label": "person",
      "score": 0.7237092852592468,
      "bbox_xyxy": [
        465.5240173339844,
        731.0502319335938,
        884.5613403320312,
        1061.8746337890625
      ],
      "bbox_xyxy_int_inclusive": [
        465,
        731,
        884,
        1061
      ],
      "ink_pixels": 31070,
      "bbox_area": 139020,
      "ink_ratio": 0.22349302258667816,
      "has_ink": true,
      "judge_score": 0.16174397563663356
    }
  ]
}