{
  "image": "/home/michael/soma/Bthesis_Dataset/03_sub_cell/C057_A001_sub.png",
  "lines_json": "/Users/niihosoushin/Desktop/BlackMask/05_raf_image_json/C057_A001_raf.json",
  "bbox_json": "/Users/niihosoushin/Desktop/BlackMask/10_output_groundingdino_swiml_prompt_v1/C057_A001_sub.json",
  "criteria": {
    "min_pixels": 10,
    "min_ratio": 0.0005,
    "judge_thresh": 0.02
  },
  "selected_labels": [
    "nose",
    "eyes",
    "mouth",
    "face",
    "eyes",
    "mouth",
    "arm",
    "leg",
    "leg",
    "arm",
    "person",
    "head",
    "leg"
  ],
  "selected_detections": [
    {
      "det_index": 0,
      "label": "nose",
      "score": 0.7384636402130127,
      "bbox_xyxy": [
        1027.4049072265625,
        387.092041015625,
        1050.1541748046875,
        412.3869934082031
      ],
      "bbox_xyxy_int_inclusive": [
        1027,
        387,
        1050,
        412
      ],
      "ink_pixels": 324,
      "bbox_area": 624,
      "ink_ratio": 0.5192307692307693,
      "has_ink": true,
      "judge_score": 0.38343304395675665
    },
    {
      "det_index": 4,
      "label": "eyes",
      "score": 0.4815751612186432,
      "bbox_xyxy": [
        1040.66943359375,
        377.1376647949219,
        1064.096435546875,
        395.05096435546875
      ],
      "bbox_xyxy_int_inclusive": [
        1040,
        377,
        1064,
        395
      ],
      "ink_pixels": 254,
      "bbox_area": 475,
      "ink_ratio": 0.5347368421052632,
      "has_ink": true,
      "judge_score": 0.2575159809463903
    },
    {
      "det_index": 8,
      "label": "mouth",
      "score": 0.4454788863658905,
      "bbox_xyxy": [
        1026.331787109375,
        409.09417724609375,
        1059.570068359375,
        425.6409606933594
      ],
      "bbox_xyxy_int_inclusive": [
        1026,
        409,
        1059,
        425
      ],
      "ink_pixels": 323,
      "bbox_area": 578,
      "ink_ratio": 0.5588235294117647,
      "has_ink": true,
      "judge_score": 0.2489440835574094
    },
    {
      "det_index": 1,
      "label": "face",
      "score": 0.6775219440460205,
      "bbox_xyxy": [
        1016.3831787109375,
        359.963623046875,
        1089.0689697265625,
        439.77593994140625
      ],
      "bbox_xyxy_int_inclusive": [
        1016,
        359,
        1089,
        439
      ],
      "ink_pixels": 2134,
      "bbox_area": 5994,
      "ink_ratio": 0.3560226893560227,
      "has_ink": true,
      "judge_score": 0.24121318461698496
    },
    {
      "det_index": 11,
      "label": "eyes",
      "score": 0.31307002902030945,
      "bbox_xyxy": [
        1019.5970458984375,
        382.61468505859375,
        1036.6365966796875,
        399.5277404785156
      ],
      "bbox_xyxy_int_inclusive": [
        1019,
        382,
        1036,
        399
      ],
      "ink_pixels": 220,
      "bbox_area": 324,
      "ink_ratio": 0.6790123456790124,
      "has_ink": true,
      "judge_score": 0.21257841476687678
    },
    {
      "det_index": 10,
      "label": "mouth",
      "score": 0.3488348722457886,
      "bbox_xyxy": [
        1017.6328125,
        412.1415710449219,
        1061.7918701171875,
        435.0221252441406
      ],
      "bbox_xyxy_int_inclusive": [
        1017,
        412,
        1061,
        435
      ],
      "ink_pixels": 448,
      "bbox_area": 1080,
      "ink_ratio": 0.4148148148148148,
      "has_ink": true,
      "judge_score": 0.14470187293158637
    },
    {
      "det_index": 2,
      "label": "arm",
      "score": 0.5294064283370972,
      "bbox_xyxy": [
        923.882080078125,
        480.00225830078125,
        1039.2122802734375,
        666.5370483398438
      ],
      "bbox_xyxy_int_inclusive": [
        923,
        480,
        1039,
        666
      ],
      "ink_pixels": 5086,
      "bbox_area": 21879,
      "ink_ratio": 0.23246035010740893,
      "has_ink": true,
      "judge_score": 0.1230660036803545
    },
    {
      "det_index": 5,
      "label": "leg",
      "score": 0.46016690135002136,
      "bbox_xyxy": [
        1008.1590576171875,
        827.8328247070312,
        1081.1177978515625,
        902.17822265625
      ],
      "bbox_xyxy_int_inclusive": [
        1008,
        827,
        1081,
        902
      ],
      "ink_pixels": 1499,
      "bbox_area": 5624,
      "ink_ratio": 0.2665362731152205,
      "has_ink": true,
      "judge_score": 0.12265117089681402
    },
    {
      "det_index": 6,
      "label": "leg",
      "score": 0.45346689224243164,
      "bbox_xyxy": [
        1115.088134765625,
        807.5348510742188,
        1185.542236328125,
        908.1156616210938
      ],
      "bbox_xyxy_int_inclusive": [
        1115,
        807,
        1185,
        908
      ],
      "ink_pixels": 1900,
      "bbox_area": 7242,
      "ink_ratio": 0.2623584645125656,
      "has_ink": true,
      "judge_score": 0.11897087755600942
    },
    {
      "det_index": 7,
      "label": "arm",
      "score": 0.4496432840824127,
      "bbox_xyxy": [
        1108.7904052734375,
        455.41998291015625,
        1220.0899658203125,
        609.5801391601562
      ],
      "bbox_xyxy_int_inclusive": [
        1108,
        455,
        1220,
        609
      ],
      "ink_pixels": 2632,
      "bbox_area": 17515,
      "ink_ratio": 0.15027119611761347,
      "has_ink": true,
      "judge_score": 0.06756843412531603
    },
    {
      "det_index": 3,
      "label": "person",
      "score": 0.49740973114967346,
      "bbox_xyxy": [
        917.0325317382812,
        219.9373779296875,
        1219.9361572265625,
        909.1881103515625
      ],
      "bbox_xyxy_int_inclusive": [
        917,
        219,
        1219,
        909
      ],
      "ink_pixels": 28230,
      "bbox_area": 209373,
      "ink_ratio": 0.13483113868550387,
      "has_ink": true,
      "judge_score": 0.06706632044416082
    },
    {
      "det_index": 9,
      "label": "head",
      "score": 0.3721042573451996,
      "bbox_xyxy": [
        964.7305908203125,
        274.26751708984375,
        1172.535888671875,
        449.845947265625
      ],
      "bbox_xyxy_int_inclusive": [
        964,
        274,
        1172,
        449
      ],
      "ink_pixels": 6158,
      "bbox_area": 36784,
      "ink_ratio": 0.16740974336668116,
      "has_ink": true,
      "judge_score": 0.062293878227809345
    },
    {
      "det_index": 12,
      "label": "leg",
      "score": 0.30753427743911743,
      "bbox_xyxy": [
        1115.2109375,
        694.6853637695312,
        1202.8760986328125,
        907.26416015625
      ],
      "bbox_xyxy_int_inclusive": [
        1115,
        694,
        1202,
        907
      ],
      "ink_pixels": 2776,
      "bbox_area": 18832,
      "ink_ratio": 0.14740866610025488,
      "has_ink": true,
      "judge_score": 0.04533321761740601
    }
  ],
  "all_scored_detections": [
    {
      "det_index": 0,
      "label": "nose",
      "score": 0.7384636402130127,
      "bbox_xyxy": [
        1027.4049072265625,
        387.092041015625,
        1050.1541748046875,
        412.3869934082031
      ],
      "bbox_xyxy_int_inclusive": [
        1027,
        387,
        1050,
        412
      ],
      "ink_pixels": 324,
      "bbox_area": 624,
      "ink_ratio": 0.5192307692307693,
      "has_ink": true,
      "judge_score": 0.38343304395675665
    },
    {
      "det_index": 4,
      "label": "eyes",
      "score": 0.4815751612186432,
      "bbox_xyxy": [
        1040.66943359375,
        377.1376647949219,
        1064.096435546875,
        395.05096435546875
      ],
      "bbox_xyxy_int_inclusive": [
        1040,
        377,
        1064,
        395
      ],
      "ink_pixels": 254,
      "bbox_area": 475,
      "ink_ratio": 0.5347368421052632,
      "has_ink": true,
      "judge_score": 0.2575159809463903
    },
    {
      "det_index": 8,
      "label": "mouth",
      "score": 0.4454788863658905,