{
  "image": "/home/michael/soma/Bthesis_Dataset/02_sub_cell/C064_C010_sub.png",
  "lines_json": "/Users/niihosoushin/Desktop/BlackMask/05_raf_image_json/C064_C010_raf.json",
  "bbox_json": "/Users/niihosoushin/Desktop/BlackMask/03_sub_cell/C064_C010_sub.json",
  "criteria": {
    "min_pixels": 10,
    "min_ratio": 0.0005,
    "judge_thresh": 0.02
  },
  "selected_labels": [
    "leg",
    "person",
    "head",
    "person"
  ],
  "selected_detections": [
    {
      "det_index": 9,
      "label": "leg",
      "score": 0.3461828827857971,
      "bbox_xyxy": [
        967.2816162109375,
        985.0556640625,
        1112.7802734375,
        1019.871826171875
      ],
      "bbox_xyxy_int_inclusive": [
        967,
        985,
        1112,
        1019
      ],
      "ink_pixels": 5110,
      "bbox_area": 5110,
      "ink_ratio": 1.0,
      "has_ink": true,
      "judge_score": 0.3461828827857971
    },
    {
      "det_index": 0,
      "label": "person",
      "score": 0.5505664348602295,
      "bbox_xyxy": [
        966.4857788085938,
        193.33091735839844,
        1631.4090576171875,
        1019.3480224609375
      ],
      "bbox_xyxy_int_inclusive": [
        966,
        193,
        1631,
        1019
      ],
      "ink_pixels": 35347,
      "bbox_area": 550782,
      "ink_ratio": 0.06417602608654603,
      "has_ink": true,
      "judge_score": 0.03533316588596674
    },
    {
      "det_index": 2,
      "label": "head",
      "score": 0.4130575358867645,
      "bbox_xyxy": [
        1214.2335205078125,
        193.8122100830078,
        1498.2647705078125,
        517.04931640625
      ],
      "bbox_xyxy_int_inclusive": [
        1214,
        193,
        1498,
        517
      ],
      "ink_pixels": 6030,
      "bbox_area": 92625,
      "ink_ratio": 0.06510121457489879,
      "has_ink": true,
      "judge_score": 0.026890547275543214
    },
    {
      "det_index": 10,
      "label": "person",
      "score": 0.33294248580932617,
      "bbox_xyxy": [
        967.3333129882812,
        192.94789123535156,
        1511.8839111328125,
        1019.649169921875
      ],
      "bbox_xyxy_int_inclusive": [
        967,
        192,
        1511,
        1019
      ],
      "ink_pixels": 30174,
      "bbox_area": 451260,
      "ink_ratio": 0.06686610823028853,
      "has_ink": true,
      "judge_score": 0.022262568290587707
    }
  ],
  "all_scored_detections": [
    {
      "det_index": 9,
      "label": "leg",
      "score": 0.3461828827857971,
      "bbox_xyxy": [
        967.2816162109375,
        985.0556640625,
        1112.7802734375,
        1019.871826171875
      ],
      "bbox_xyxy_int_inclusive": [
        967,
        985,
        1112,
        1019
      ],
      "ink_pixels": 5110,
      "bbox_area": 5110,
      "ink_ratio": 1.0,
      "has_ink": true,
      "judge_score": 0.3461828827857971
    },
    {
      "det_index": 0,
      "label": "person",
      "score": 0.5505664348602295,
      "bbox_xyxy": [
        966.4857788085938,
        193.33091735839844,
        1631.4090576171875,
        1019.3480224609375
      ],
      "bbox_xyxy_int_inclusive": [
        966,
        193,
        1631,
        1019
      ],
      "ink_pixels": 35347,
      "bbox_area": 550782,
      "ink_ratio": 0.06417602608654603,
      "has_ink": true,
      "judge_score": 0.03533316588596674
    },
    {
      "det_index": 2,
      "label": "head",
      "score": 0.4130575358867645,
      "bbox_xyxy": [
        1214.2335205078125,
        193.8122100830078,
        1498.2647705078125,
        517.04931640625
      ],
      "bbox_xyxy_int_inclusive": [
        1214,
        193,
        1498,
        517
      ],
      "ink_pixels": 6030,
      "bbox_area": 92625,
      "ink_ratio": 0.06510121457489879,
      "has_ink": true,
      "judge_score": 0.026890547275543214
    },
    {
      "det_index": 10,
      "label": "person",
      "score": 0.33294248580932617,
      "bbox_xyxy": [
        967.3333129882812,
        192.94789123535156,
        1511.8839111328125,
        1019.649169921875
      ],
      "bbox_xyxy_int_inclusive": [
        967,
        192,
        1511,
        1019
      ],
      "ink_pixels": 30174,
      "bbox_area": 451260,
      "ink_ratio": 0.06686610823028853,
      "has_ink": true,
      "judge_score": 0.022262568290587707
    },
    {
      "det_index": 8,
      "label": "face",
      "score": 0.34993842244148254,
      "bbox_xyxy": [
        1241.1497802734375,
        324.6850280761719,
        1388.830810546875,
        511.2937316894531
      ],
      "bbox_xyxy_int_inclusive": [
        1241,
        324,
        1388,
        511
      ],
      "ink_pixels": 1159,
      "bbox_area": 27824,
      "ink_ratio": 0.041654686601495114,
      "has_ink": true,
      "judge_score": 0.01457657531662156
    },
    {
      "det_index": 7,
      "label": "head",
      "score": 0.3520834445953369,
      "bbox_xyxy": [
        1214.611083984375,
        193.95632934570312,
        1511.28515625,
        759.8660278320312
      ],
      "bbox_xyxy_int_inclusive": [
        1214,
        193,
        1511,
        759
      ],
      "ink_pixels": 6030,
      "bbox_area": 168966,
      "ink_ratio": 0.03568765313731757,
      "has_ink": true,
      "judge_score": 0.012565031846110351
    },
    {
      "det_index": 1,
      "label": "eyes",
      "score": 0.42460930347442627,
      "bbox_xyxy": [
        1251.187744140625,
        376.329345703125,
        1292.4661865234375,
        431.74493408203125
      ],
      "bbox_xyxy_int_inclusive": [
        1251,
        376,
        1292,
        431
      ],
      "ink_pixels": 40,
      "bbox_area": 2352,
      "ink_ratio": 0.017006802721088437,
      "has_ink": true,
      "judge_score": 0.0072212466577283385
    },
    {
      "det_index": 3,
      "label": "nose",
      "score": 0.41036680340766907,
      "bbox_xyxy": [
        1287.341796875,
        426.7544860839844,
        1317.1298828125,
        452.5736389160156
      ],
      "bbox_xyxy_int_inclusive": [
        1287,
        426,
        1317,
        452
      ],
      "ink_pixels": 0,
      "bbox_area": 837,
      "ink_ratio": 0.0,
      "has_ink": false,
      "judge_score": 0.0
    },
    {
      "det_index": 4,
      "label": "nose",
      "score": 0.4086046516895294,
      "bbox_xyxy": [
        1323.9713134765625,
        391.10137939453125,
        1341.1129150390625,
        425.873779296875
      ],
      "bbox_xyxy_int_inclusive": [
        1323,
        391,
        1341,
        425
      ],
      "ink_pixels": 0,
      "bbox_area": 665,
      "ink_ratio": 0.0,
      "has_ink": false,
      "judge_score": 0.0
    },
    {
      "det_index": 5,
      "label": "eyes",
      "score": 0.396854430437088,
      "bbox_xyxy": [
        1323.291259765625,
        368.935791015625,
        1377.082763671875,
        431.7241516113281
      ],
      "bbox_xyxy_int_inclusive": [
        1323,
        368,
        1377,
        431
      ],
      "ink_pixels": 0,
      "bbox_area": 3520,
      "ink_ratio": 0.0,
      "has_ink": false,
      "judge_score": 0.0
    },
    {
      "det_index": 6,
      "label": "arm",
      "score": 0.38888633251190186,
      "bbox_xyxy": [
        1168.88916015625,
        568.11767578125,
        1432.48681640625,
        961.9896850585938
      ],
      "bbox_xyxy_int_inclusive": [
        1168,
        568,
        1432,
        961
      ],
      "ink_pixels": 0,
      "bbox_area": 104410,
      "ink_ratio": 0.0,
      "has_ink": false,
      "judge_score": 0.0
    },
    {
      "det_index": 11,
      "label": "nose",
      "score": 0.32803401350975037,
      "bbox_xyxy": [
        1287.931884765625,
        435.01605224609375,
        1310.5101318359375,
        452.20831298828125
      ],
      "bbox_xyxy_int_inclusive": [
        1287,
        435,
        1310,
        452
      ],
      "ink_pixels": 0,
      "bbox_area": 432,
      "ink_ratio": 0.0,
      "has_ink": false,