{
  "image": "/home/michael/soma/Bthesis_Dataset/03_sub_cell/C073_F018_sub.png",
  "lines_json": "/Users/niihosoushin/Desktop/BlackMask/05_raf_image_json/C073_F018_raf.json",
  "bbox_json": "/Users/niihosoushin/Desktop/BlackMask/10_output_groundingdino_swiml_prompt_v1/C073_F018_sub.json",
  "criteria": {
    "min_pixels": 10,
    "min_ratio": 0.0005,
    "judge_thresh": 0.02
  },
  "selected_labels": [
    "nose",
    "face",
    "face",
    "mouth",
    "arm",
    "person",
    "head",
    "person",
    "eyes",
    "eyes",
    "arm",
    "head",
    "mouth",
    "arm",
    "arm",
    "eyes",
    "eyes",
    "leg"
  ],
  "selected_detections": [
    {
      "det_index": 0,
      "label": "nose",
      "score": 0.777713418006897,
      "bbox_xyxy": [
        654.5799560546875,
        461.2997131347656,
        687.2496337890625,
        530.2269287109375
      ],
      "bbox_xyxy_int_inclusive": [
        654,
        461,
        687,
        530
      ],
      "ink_pixels": 2358,
      "bbox_area": 2380,
      "ink_ratio": 0.9907563025210084,
      "has_ink": true,
      "judge_score": 0.7705244704454887
    },
    {
      "det_index": 2,
      "label": "face",
      "score": 0.6881301999092102,
      "bbox_xyxy": [
        651.2421875,
        422.2848205566406,
        772.3888549804688,
        588.6483154296875
      ],
      "bbox_xyxy_int_inclusive": [
        651,
        422,
        772,
        588
      ],
      "ink_pixels": 19842,
      "bbox_area": 20374,
      "ink_ratio": 0.973888288995779,
      "has_ink": true,
      "judge_score": 0.670161942995904
    },
    {
      "det_index": 1,
      "label": "face",
      "score": 0.6919209361076355,
      "bbox_xyxy": [
        329.8631591796875,
        495.0185852050781,
        538.7322998046875,
        724.0906372070312
      ],
      "bbox_xyxy_int_inclusive": [
        329,
        495,
        538,
        724
      ],
      "ink_pixels": 45984,
      "bbox_area": 48300,
      "ink_ratio": 0.9520496894409938,
      "has_ink": true,
      "judge_score": 0.6587431123389961
    },
    {
      "det_index": 5,
      "label": "mouth",
      "score": 0.6312716007232666,
      "bbox_xyxy": [
        445.6590576171875,
        628.9072875976562,
        516.9241333007812,
        708.74365234375
      ],
      "bbox_xyxy_int_inclusive": [
        445,
        628,
        516,
        708
      ],
      "ink_pixels": 5713,
      "bbox_area": 5832,
      "ink_ratio": 0.9795953360768176,
      "has_ink": true,
      "judge_score": 0.6183907158662589
    },
    {
      "det_index": 6,
      "label": "arm",
      "score": 0.6128779649734497,
      "bbox_xyxy": [
        793.4443969726562,
        450.158447265625,
        1112.6676025390625,
        1053.4017333984375
      ],
      "bbox_xyxy_int_inclusive": [
        793,
        450,
        1112,
        1053
      ],
      "ink_pixels": 186731,
      "bbox_area": 193280,
      "ink_ratio": 0.9661165149006623,
      "has_ink": true,
      "judge_score": 0.5921115235795594
    },
    {
      "det_index": 4,
      "label": "person",
      "score": 0.6422041654586792,
      "bbox_xyxy": [
        128.5801544189453,
        388.9172058105469,
        935.4118041992188,
        1113.1231689453125
      ],
      "bbox_xyxy_int_inclusive": [
        128,
        388,
        935,
        1113
      ],
      "ink_pixels": 536557,
      "bbox_area": 586608,
      "ink_ratio": 0.9146772631808635,
      "has_ink": true,
      "judge_score": 0.5874095484650951
    },
    {
      "det_index": 7,
      "label": "head",
      "score": 0.5977430939674377,
      "bbox_xyxy": [
        605.021728515625,
        221.17855834960938,
        978.89453125,
        608.7118530273438
      ],
      "bbox_xyxy_int_inclusive": [
        605,
        221,
        978,
        608
      ],
      "ink_pixels": 139381,
      "bbox_area": 145112,
      "ink_ratio": 0.9605063674954518,
      "has_ink": true,
      "judge_score": 0.5741360478821561
    },
    {
      "det_index": 3,
      "label": "person",
      "score": 0.6543712019920349,
      "bbox_xyxy": [
        604.2173461914062,
        219.1613311767578,
        1345.398681640625,
        1176.147216796875
      ],
      "bbox_xyxy_int_inclusive": [
        604,
        219,
        1345,
        1176
      ],
      "ink_pixels": 621236,
      "bbox_area": 710836,
      "ink_ratio": 0.8739512348839957,
      "has_ink": true,
      "judge_score": 0.5718885200534635
    },
    {
      "det_index": 10,
      "label": "eyes",
      "score": 0.519981324672699,
      "bbox_xyxy": [
        440.81427001953125,
        522.5563354492188,
        499.326416015625,
        581.0244140625
      ],
      "bbox_xyxy_int_inclusive": [
        440,
        522,
        499,
        581
      ],
      "ink_pixels": 3597,
      "bbox_area": 3600,
      "ink_ratio": 0.9991666666666666,
      "has_ink": true,
      "judge_score": 0.5195480069021384
    },
    {
      "det_index": 8,
      "label": "eyes",
      "score": 0.5321879386901855,
      "bbox_xyxy": [
        363.09344482421875,
        566.3204345703125,
        437.0545959472656,
        650.2156982421875
      ],
      "bbox_xyxy_int_inclusive": [
        363,
        566,
        437,
        650
      ],
      "ink_pixels": 6048,
      "bbox_area": 6375,
      "ink_ratio": 0.9487058823529412,
      "has_ink": true,
      "judge_score": 0.5048898279526655
    },
    {
      "det_index": 9,
      "label": "arm",
      "score": 0.5253081917762756,
      "bbox_xyxy": [
        324.5505676269531,
        756.8984375,
        495.45452880859375,
        1112.138671875
      ],
      "bbox_xyxy_int_inclusive": [
        324,
        756,
        495,
        1112
      ],
      "ink_pixels": 54664,
      "bbox_area": 61404,
      "ink_ratio": 0.8902351638329751,
      "has_ink": true,
      "judge_score": 0.4676478241687566
    },
    {
      "det_index": 11,
      "label": "head",
      "score": 0.48747918009757996,
      "bbox_xyxy": [
        219.47091674804688,
        392.9120178222656,
        572.7324829101562,
        748.98681640625
      ],
      "bbox_xyxy_int_inclusive": [
        219,
        392,
        572,
        748
      ],
      "ink_pixels": 118486,
      "bbox_area": 126378,
      "ink_ratio": 0.937552422098783,
      "has_ink": true,
      "judge_score": 0.4570372860232149
    },
    {
      "det_index": 12,
      "label": "mouth",
      "score": 0.421836256980896,
      "bbox_xyxy": [
        679.32177734375,
        521.1810913085938,
        709.1978149414062,
        559.064208984375
      ],
      "bbox_xyxy_int_inclusive": [
        679,
        521,
        709,
        559
      ],
      "ink_pixels": 1202,
      "bbox_area": 1209,
      "ink_ratio": 0.9942100909842845,
      "has_ink": true,
      "judge_score": 0.4193938634334466
    },
    {
      "det_index": 13,
      "label": "arm",
      "score": 0.41406354308128357,
      "bbox_xyxy": [
        718.301513671875,
        620.9929809570312,
        842.0075073242188,
        890.4899291992188
      ],
      "bbox_xyxy_int_inclusive": [
        718,
        620,
        842,
        890
      ],
      "ink_pixels": 33135,
      "bbox_area": 33875,
      "ink_ratio": 0.9781549815498155,
      "has_ink": true,
      "judge_score": 0.40501831734312416
    },
    {
      "det_index": 14,
      "label": "arm",
      "score": 0.3849114775657654,
      "bbox_xyxy": [
        558.4964599609375,
        591.5961303710938,
        831.10302734375,
        734.0276489257812
      ],
      "bbox_xyxy_int_inclusive": [
        558,
        591,
        831,
        734
      ],
      "ink_pixels": 37892,
      "bbox_area": 39456,
      "ink_ratio": 0.9603609083536091,
      "has_ink": true,
      "judge_score": 0.3696539362307883
    },
    {
      "det_index": 15,
      "label": "eyes",
      "score": 0.32660403847694397,