{
  "image": "/home/michael/soma/Bthesis_Dataset/03_sub_cell/C079_C001_sub.png",
  "lines_json": "/Users/niihosoushin/Desktop/BlackMask/05_raf_image_json/C079_C001_raf.json",
  "bbox_json": "/Users/niihosoushin/Desktop/BlackMask/10_output_groundingdino_swiml_prompt_v1/C079_C001_sub.json",
  "criteria": {
    "min_pixels": 10,
    "min_ratio": 0.0005,
    "judge_thresh": 0.02
  },
  "selected_labels": [
    "face",
    "eyes",
    "head",
    "nose",
    "nose",
    "face",
    "arm",
    "mouth",
    "arm",
    "person",
    "person",
    "person",
    "head"
  ],
  "selected_detections": [
    {
      "det_index": 3,
      "label": "face",
      "score": 0.6044928431510925,
      "bbox_xyxy": [
        606.137451171875,
        621.611572265625,
        659.7590942382812,
        677.886474609375
      ],
      "bbox_xyxy_int_inclusive": [
        606,
        621,
        659,
        677
      ],
      "ink_pixels": 1294,
      "bbox_area": 3078,
      "ink_ratio": 0.4204028589993502,
      "has_ink": true,
      "judge_score": 0.2541305195053651
    },
    {
      "det_index": 17,
      "label": "eyes",
      "score": 0.3662573993206024,
      "bbox_xyxy": [
        485.6003112792969,
        610.6328735351562,
        502.1506652832031,
        626.6156005859375
      ],
      "bbox_xyxy_int_inclusive": [
        485,
        610,
        502,
        626
      ],
      "ink_pixels": 195,
      "bbox_area": 306,
      "ink_ratio": 0.6372549019607843,
      "has_ink": true,
      "judge_score": 0.2333993230964623
    },
    {
      "det_index": 2,
      "label": "head",
      "score": 0.630876362323761,
      "bbox_xyxy": [
        597.0068359375,
        594.4227905273438,
        675.729248046875,
        682.8877563476562
      ],
      "bbox_xyxy_int_inclusive": [
        597,
        594,
        675,
        682
      ],
      "ink_pixels": 2316,
      "bbox_area": 7031,
      "ink_ratio": 0.3293983786090172,
      "has_ink": true,
      "judge_score": 0.20780965085220174
    },
    {
      "det_index": 26,
      "label": "nose",
      "score": 0.302054226398468,
      "bbox_xyxy": [
        624.7540893554688,
        646.8199462890625,
        643.1516723632812,
        667.2078247070312
      ],
      "bbox_xyxy_int_inclusive": [
        624,
        646,
        643,
        667
      ],
      "ink_pixels": 163,
      "bbox_area": 440,
      "ink_ratio": 0.3704545454545455,
      "has_ink": true,
      "judge_score": 0.11189736114306884
    },
    {
      "det_index": 27,
      "label": "nose",
      "score": 0.30181828141212463,
      "bbox_xyxy": [
        484.3021545410156,
        624.5592651367188,
        496.6929931640625,
        645.0724487304688
      ],
      "bbox_xyxy_int_inclusive": [
        484,
        624,
        496,
        645
      ],
      "ink_pixels": 85,
      "bbox_area": 286,
      "ink_ratio": 0.2972027972027972,
      "has_ink": true,
      "judge_score": 0.08970123748262444
    },
    {
      "det_index": 6,
      "label": "face",
      "score": 0.5110045671463013,
      "bbox_xyxy": [
        484.0367431640625,
        603.7464599609375,
        524.90625,
        664.4447631835938
      ],
      "bbox_xyxy_int_inclusive": [
        484,
        603,
        524,
        664
      ],
      "ink_pixels": 446,
      "bbox_area": 2542,
      "ink_ratio": 0.17545239968528717,
      "has_ink": true,
      "judge_score": 0.08965697755596001
    },
    {
      "det_index": 22,
      "label": "arm",
      "score": 0.3331873118877411,
      "bbox_xyxy": [
        594.6851806640625,
        676.53564453125,
        654.7073364257812,
        743.7898559570312
      ],
      "bbox_xyxy_int_inclusive": [
        594,
        676,
        654,
        743
      ],
      "ink_pixels": 1070,
      "bbox_area": 4148,
      "ink_ratio": 0.2579556412729026,
      "has_ink": true,
      "judge_score": 0.08594754670199686
    },
    {
      "det_index": 21,
      "label": "mouth",
      "score": 0.3414275646209717,
      "bbox_xyxy": [
        504.69830322265625,
        640.4461669921875,
        522.800048828125,
        652.9869384765625
      ],
      "bbox_xyxy_int_inclusive": [
        504,
        640,
        522,
        652
      ],
      "ink_pixels": 52,
      "bbox_area": 247,
      "ink_ratio": 0.21052631578947367,
      "has_ink": true,
      "judge_score": 0.07187948728862562
    },
    {
      "det_index": 25,
      "label": "arm",
      "score": 0.30603209137916565,
      "bbox_xyxy": [
        562.5579223632812,
        658.0763549804688,
        653.7931518554688,
        748.6791381835938
      ],
      "bbox_xyxy_int_inclusive": [
        562,
        658,
        653,
        748
      ],
      "ink_pixels": 1329,
      "bbox_area": 8372,
      "ink_ratio": 0.15874343048256093,
      "has_ink": true,
      "judge_score": 0.04858058402328132
    },
    {
      "det_index": 15,
      "label": "person",
      "score": 0.3853464424610138,
      "bbox_xyxy": [
        591.6193237304688,
        593.0512084960938,
        677.6695556640625,
        1007.0201416015625
      ],
      "bbox_xyxy_int_inclusive": [
        591,
        593,
        677,
        1007
      ],
      "ink_pixels": 4349,
      "bbox_area": 36105,
      "ink_ratio": 0.12045423071596732,
      "has_ink": true,
      "judge_score": 0.046416609285776185
    },
    {
      "det_index": 18,
      "label": "person",
      "score": 0.3528585135936737,
      "bbox_xyxy": [
        561.8755493164062,
        592.947265625,
        674.5477905273438,
        1008.2607421875
      ],
      "bbox_xyxy_int_inclusive": [
        561,
        592,
        674,
        1008
      ],
      "ink_pixels": 4324,
      "bbox_area": 47538,
      "ink_ratio": 0.09095881189785014,
      "has_ink": true,
      "judge_score": 0.032095591164521965
    },
    {
      "det_index": 7,
      "label": "person",
      "score": 0.4829060733318329,
      "bbox_xyxy": [
        516.740478515625,
        602.0338745117188,
        648.1110229492188,
        1025.54248046875
      ],
      "bbox_xyxy_int_inclusive": [
        516,
        602,
        648,
        1025
      ],
      "ink_pixels": 3172,
      "bbox_area": 56392,
      "ink_ratio": 0.05624911334941127,
      "has_ink": true,
      "judge_score": 0.027163038455961377
    },
    {
      "det_index": 4,
      "label": "head",
      "score": 0.5952724814414978,
      "bbox_xyxy": [
        451.2400817871094,
        566.6473388671875,
        543.530517578125,
        722.4476928710938
      ],
      "bbox_xyxy_int_inclusive": [
        451,
        566,
        543,
        722
      ],
      "ink_pixels": 594,
      "bbox_area": 14601,
      "ink_ratio": 0.040682145058557634,
      "has_ink": true,
      "judge_score": 0.02421696143937057
    }
  ],
  "all_scored_detections": [
    {
      "det_index": 3,
      "label": "face",
      "score": 0.6044928431510925,
      "bbox_xyxy": [
        606.137451171875,
        621.611572265625,
        659.7590942382812,
        677.886474609375
      ],
      "bbox_xyxy_int_inclusive": [
        606,
        621,
        659,
        677
      ],
      "ink_pixels": 1294,
      "bbox_area": 3078,
      "ink_ratio": 0.4204028589993502,
      "has_ink": true,
      "judge_score": 0.2541305195053651
    },
    {
      "det_index": 17,
      "label": "eyes",
      "score": 0.3662573993206024,
      "bbox_xyxy": [
        485.6003112792969,
        610.6328735351562,
        502.1506652832031,
        626.6156005859375
      ],
      "bbox_xyxy_int_inclusive": [
        485,
        610,
        502,
        626
      ],
      "ink_pixels": 195,
      "bbox_area": 306,
      "ink_ratio": 0.6372549019607843,
      "has_ink": true,
      "judge_score": 0.2333993230964623
    },
    {
      "det_index": 2,
      "label": "head",
      "score": 0.630876362323761,