{
  "image": "/home/michael/soma/Bthesis_Dataset/03_sub_cell/C082_H003_sub.png",
  "lines_json": "/Users/niihosoushin/Desktop/BlackMask/05_raf_image_json/C082_H003_raf.json",
  "bbox_json": "/Users/niihosoushin/Desktop/BlackMask/10_output_groundingdino_swiml_prompt_v1/C082_H003_sub.json",
  "criteria": {
    "min_pixels": 10,
    "min_ratio": 0.0005,
    "judge_thresh": 0.02
  },
  "selected_labels": [
    "eyes",
    "nose",
    "eyes"
  ],
  "selected_detections": [
    {
      "det_index": 6,
      "label": "eyes",
      "score": 0.4181046783924103,
      "bbox_xyxy": [
        628.5985107421875,
        282.9965515136719,
        699.3414306640625,
        340.9208679199219
      ],
      "bbox_xyxy_int_inclusive": [
        628,
        282,
        699,
        340
      ],
      "ink_pixels": 922,
      "bbox_area": 4248,
      "ink_ratio": 0.2170433145009416,
      "has_ink": true,
      "judge_score": 0.09074682520663895
    },
    {
      "det_index": 1,
      "label": "nose",
      "score": 0.720120370388031,
      "bbox_xyxy": [
        601.0502319335938,
        304.62908935546875,
        642.6486206054688,
        349.7742919921875
      ],
      "bbox_xyxy_int_inclusive": [
        601,
        304,
        642,
        349
      ],
      "ink_pixels": 126,
      "bbox_area": 1932,
      "ink_ratio": 0.06521739130434782,
      "has_ink": true,
      "judge_score": 0.04696437198182811
    },
    {
      "det_index": 7,
      "label": "eyes",
      "score": 0.39528918266296387,
      "bbox_xyxy": [
        524.6558837890625,
        274.0267639160156,
        701.927734375,
        348.23150634765625
      ],
      "bbox_xyxy_int_inclusive": [
        524,
        274,
        701,
        348
      ],
      "ink_pixels": 977,
      "bbox_area": 13350,
      "ink_ratio": 0.07318352059925094,
      "has_ink": true,
      "judge_score": 0.028928654042076084
    }
  ],
  "all_scored_detections": [
    {
      "det_index": 6,
      "label": "eyes",
      "score": 0.4181046783924103,
      "bbox_xyxy": [
        628.5985107421875,
        282.9965515136719,
        699.3414306640625,
        340.9208679199219
      ],
      "bbox_xyxy_int_inclusive": [
        628,
        282,
        699,
        340
      ],
      "ink_pixels": 922,
      "bbox_area": 4248,
      "ink_ratio": 0.2170433145009416,
      "has_ink": true,
      "judge_score": 0.09074682520663895
    },
    {
      "det_index": 1,
      "label": "nose",
      "score": 0.720120370388031,
      "bbox_xyxy": [
        601.0502319335938,
        304.62908935546875,
        642.6486206054688,
        349.7742919921875
      ],
      "bbox_xyxy_int_inclusive": [
        601,
        304,
        642,
        349
      ],
      "ink_pixels": 126,
      "bbox_area": 1932,
      "ink_ratio": 0.06521739130434782,
      "has_ink": true,
      "judge_score": 0.04696437198182811
    },
    {
      "det_index": 7,
      "label": "eyes",
      "score": 0.39528918266296387,
      "bbox_xyxy": [
        524.6558837890625,
        274.0267639160156,
        701.927734375,
        348.23150634765625
      ],
      "bbox_xyxy_int_inclusive": [
        524,
        274,
        701,
        348
      ],
      "ink_pixels": 977,
      "bbox_area": 13350,
      "ink_ratio": 0.07318352059925094,
      "has_ink": true,
      "judge_score": 0.028928654042076084
    },
    {
      "det_index": 0,
      "label": "face",
      "score": 0.7629382014274597,
      "bbox_xyxy": [
        507.8166198730469,
        209.67445373535156,
        712.2509155273438,
        434.6338195800781
      ],
      "bbox_xyxy_int_inclusive": [
        507,
        209,
        712,
        434
      ],
      "ink_pixels": 977,
      "bbox_area": 46556,
      "ink_ratio": 0.020985479852220983,
      "has_ink": true,
      "judge_score": 0.01601062425454567
    },
    {
      "det_index": 3,
      "label": "head",
      "score": 0.626010537147522,
      "bbox_xyxy": [
        466.22882080078125,
        161.91409301757812,
        740.1495971679688,
        438.09539794921875
      ],
      "bbox_xyxy_int_inclusive": [
        466,
        161,
        740,
        438
      ],
      "ink_pixels": 980,
      "bbox_area": 76450,
      "ink_ratio": 0.012818835840418574,
      "has_ink": true,
      "judge_score": 0.008024726310066338
    },
    {
      "det_index": 5,
      "label": "person",
      "score": 0.47937750816345215,
      "bbox_xyxy": [
        292.237060546875,
        22.358186721801758,
        943.2072143554688,
        872.9864501953125
      ],
      "bbox_xyxy_int_inclusive": [
        292,
        22,
        943,
        872
      ],
      "ink_pixels": 2601,
      "bbox_area": 554852,
      "ink_ratio": 0.004687736549566371,
      "has_ink": true,
      "judge_score": 0.002247195466057866
    },
    {
      "det_index": 10,
      "label": "person",
      "score": 0.32649052143096924,
      "bbox_xyxy": [
        441.4801940917969,
        160.9147186279297,
        773.56640625,
        872.4457397460938
      ],
      "bbox_xyxy_int_inclusive": [
        441,
        160,
        773,
        872
      ],
      "ink_pixels": 980,
      "bbox_area": 237429,
      "ink_ratio": 0.004127549709597395,
      "has_ink": true,
      "judge_score": 0.0013476058569186992
    },
    {
      "det_index": 2,
      "label": "mouth",
      "score": 0.7196590900421143,
      "bbox_xyxy": [
        599.5457153320312,
        403.8545837402344,
        643.6627807617188,
        421.262451171875
      ],
      "bbox_xyxy_int_inclusive": [
        599,
        403,
        643,
        421
      ],
      "ink_pixels": 0,
      "bbox_area": 855,
      "ink_ratio": 0.0,
      "has_ink": false,
      "judge_score": 0.0
    },
    {
      "det_index": 4,
      "label": "arm",
      "score": 0.5566824078559875,
      "bbox_xyxy": [
        664.6336059570312,
        431.72784423828125,
        778.6261596679688,
        769.9907836914062
      ],
      "bbox_xyxy_int_inclusive": [
        664,
        431,
        778,
        769
      ],
      "ink_pixels": 0,
      "bbox_area": 38985,
      "ink_ratio": 0.0,
      "has_ink": false,
      "judge_score": 0.0
    },
    {
      "det_index": 8,
      "label": "eyes",
      "score": 0.37577906250953674,
      "bbox_xyxy": [
        525.9829711914062,
        275.3721923828125,
        594.1446533203125,
        343.74090576171875
      ],
      "bbox_xyxy_int_inclusive": [
        525,
        275,
        594,
        343
      ],
      "ink_pixels": 0,
      "bbox_area": 4830,
      "ink_ratio": 0.0,
      "has_ink": false,
      "judge_score": 0.0
    },
    {
      "det_index": 9,
      "label": "arm",
      "score": 0.3366309404373169,
      "bbox_xyxy": [
        476.7767028808594,
        454.4072570800781,
        733.320556640625,
        707.6740112304688
      ],
      "bbox_xyxy_int_inclusive": [
        476,
        454,
        733,
        707
      ],
      "ink_pixels": 0,
      "bbox_area": 65532,
      "ink_ratio": 0.0,
      "has_ink": false,
      "judge_score": 0.0
    },
    {
      "det_index": 11,
      "label": "arm",
      "score": 0.31491151452064514,
      "bbox_xyxy": [
        477.6367492675781,
        451.0595703125,
        743.3529052734375,
        830.8840942382812
      ],
      "bbox_xyxy_int_inclusive": [
        477,
        451,
        743,
        830
      ],
      "ink_pixels": 0,
      "bbox_area": 101460,
      "ink_ratio": 0.0,
      "has_ink": false,
      "judge_score": 0.0
    }
  ]
}