{
  "image": "/home/michael/soma/Bthesis_Dataset/02_sub_cell/C085_B016_sub.png",
  "lines_json": "/Users/niihosoushin/Desktop/BlackMask/05_raf_image_json/C085_B016_raf.json",
  "bbox_json": "/Users/niihosoushin/Desktop/BlackMask/04_output_grounding_dino_prompt_v1/C085_B016_sub.json",
  "criteria": {
    "min_pixels": 10,
    "min_ratio": 0.0005,
    "judge_thresh": 0.02
  },
  "selected_labels": [
    "arm"
  ],
  "selected_detections": [
    {
      "det_index": 2,
      "label": "arm",
      "score": 0.43552297353744507,
      "bbox_xyxy": [
        1021.9644775390625,
        503.6846618652344,
        1168.302490234375,
        836.5925903320312
      ],
      "bbox_xyxy_int_inclusive": [
        1021,
        503,
        1168,
        836
      ],
      "ink_pixels": 2912,
      "bbox_area": 49432,
      "ink_ratio": 0.05890920860980741,
      "has_ink": true,
      "judge_score": 0.025656313702480983
    }
  ],
  "all_scored_detections": [
    {
      "det_index": 2,
      "label": "arm",
      "score": 0.43552297353744507,
      "bbox_xyxy": [
        1021.9644775390625,
        503.6846618652344,
        1168.302490234375,
        836.5925903320312
      ],
      "bbox_xyxy_int_inclusive": [
        1021,
        503,
        1168,
        836
      ],
      "ink_pixels": 2912,
      "bbox_area": 49432,
      "ink_ratio": 0.05890920860980741,
      "has_ink": true,
      "judge_score": 0.025656313702480983
    },
    {
      "det_index": 8,
      "label": "face",
      "score": 0.31103751063346863,
      "bbox_xyxy": [
        1103.372802734375,
        259.4049987792969,
        1296.0970458984375,
        450.15045166015625
      ],
      "bbox_xyxy_int_inclusive": [
        1103,
        259,
        1296,
        450
      ],
      "ink_pixels": 855,
      "bbox_area": 37248,
      "ink_ratio": 0.02295425257731959,
      "has_ink": true,
      "judge_score": 0.0071396335801013665
    },
    {
      "det_index": 1,
      "label": "person",
      "score": 0.4889705181121826,
      "bbox_xyxy": [
        877.7997436523438,
        52.51423645019531,
        1521.9959716796875,
        873.3673095703125
      ],
      "bbox_xyxy_int_inclusive": [
        877,
        52,
        1521,
        873
      ],
      "ink_pixels": 7741,
      "bbox_area": 530190,
      "ink_ratio": 0.014600426262283332,
      "has_ink": true,
      "judge_score": 0.0071391779941273985
    },
    {
      "det_index": 5,
      "label": "head",
      "score": 0.3811202645301819,
      "bbox_xyxy": [
        1020.0489501953125,
        53.048973083496094,
        1367.8934326171875,
        464.7055358886719
      ],
      "bbox_xyxy_int_inclusive": [
        1020,
        53,
        1367,
        464
      ],
      "ink_pixels": 1515,
      "bbox_area": 143376,
      "ink_ratio": 0.010566622028791429,
      "has_ink": true,
      "judge_score": 0.004027153782803436
    },
    {
      "det_index": 6,
      "label": "head",
      "score": 0.37853384017944336,
      "bbox_xyxy": [
        879.6272583007812,
        53.001243591308594,
        1522.1412353515625,
        466.16912841796875
      ],
      "bbox_xyxy_int_inclusive": [
        879,
        53,
        1522,
        466
      ],
      "ink_pixels": 2312,
      "bbox_area": 266616,
      "ink_ratio": 0.00867164761304648,
      "has_ink": true,
      "judge_score": 0.0032825120716493874
    },
    {
      "det_index": 0,
      "label": "nose",
      "score": 0.5055258274078369,
      "bbox_xyxy": [
        1167.1717529296875,
        353.5535583496094,
        1189.2020263671875,
        372.4978942871094
      ],
      "bbox_xyxy_int_inclusive": [
        1167,
        353,
        1189,
        372
      ],
      "ink_pixels": 0,
      "bbox_area": 460,
      "ink_ratio": 0.0,
      "has_ink": false,
      "judge_score": 0.0
    },
    {
      "det_index": 3,
      "label": "eyes",
      "score": 0.43525922298431396,
      "bbox_xyxy": [
        1197.7685546875,
        311.1271667480469,
        1212.0933837890625,
        340.30169677734375
      ],
      "bbox_xyxy_int_inclusive": [
        1197,
        311,
        1212,
        340
      ],
      "ink_pixels": 0,
      "bbox_area": 480,
      "ink_ratio": 0.0,
      "has_ink": false,
      "judge_score": 0.0
    },
    {
      "det_index": 4,
      "label": "eyes",
      "score": 0.3988168239593506,
      "bbox_xyxy": [
        1118.8133544921875,
        335.5877380371094,
        1133.3948974609375,
        363.62255859375
      ],
      "bbox_xyxy_int_inclusive": [
        1118,
        335,
        1133,
        363
      ],
      "ink_pixels": 0,
      "bbox_area": 464,
      "ink_ratio": 0.0,
      "has_ink": false,
      "judge_score": 0.0
    },
    {
      "det_index": 7,
      "label": "mouth",
      "score": 0.3575001358985901,
      "bbox_xyxy": [
        1243.23583984375,
        181.9318389892578,
        1321.9771728515625,
        256.5358581542969
      ],
      "bbox_xyxy_int_inclusive": [
        1243,
        181,
        1321,
        256
      ],
      "ink_pixels": 6,
      "bbox_area": 6004,
      "ink_ratio": 0.000999333777481679,
      "has_ink": false,
      "judge_score": 0.0
    }
  ]
}