{
  "image": "/home/michael/soma/Bthesis_Dataset/03_sub_cell/C085_B016_sub.png",
  "lines_json": "/Users/niihosoushin/Desktop/BlackMask/05_raf_image_json/C085_B016_raf.json",
  "bbox_json": "/Users/niihosoushin/Desktop/BlackMask/10_output_groundingdino_swiml_prompt_v1/C085_B016_sub.json",
  "criteria": {
    "min_pixels": 10,
    "min_ratio": 0.0005,
    "judge_thresh": 0.02
  },
  "selected_labels": [
    "arm"
  ],
  "selected_detections": [
    {
      "det_index": 3,
      "label": "arm",
      "score": 0.49832701683044434,
      "bbox_xyxy": [
        1020.0071411132812,
        497.6164855957031,
        1169.742919921875,
        835.865234375
      ],
      "bbox_xyxy_int_inclusive": [
        1020,
        497,
        1169,
        835
      ],
      "ink_pixels": 2923,
      "bbox_area": 50850,
      "ink_ratio": 0.05748279252704031,
      "has_ink": true,
      "judge_score": 0.028645228519083358
    }
  ],
  "all_scored_detections": [
    {
      "det_index": 3,
      "label": "arm",
      "score": 0.49832701683044434,
      "bbox_xyxy": [
        1020.0071411132812,
        497.6164855957031,
        1169.742919921875,
        835.865234375
      ],
      "bbox_xyxy_int_inclusive": [
        1020,
        497,
        1169,
        835
      ],
      "ink_pixels": 2923,
      "bbox_area": 50850,
      "ink_ratio": 0.05748279252704031,
      "has_ink": true,
      "judge_score": 0.028645228519083358
    },
    {
      "det_index": 1,
      "label": "face",
      "score": 0.647563636302948,
      "bbox_xyxy": [
        1103.3446044921875,
        255.9115447998047,
        1292.0269775390625,
        448.33758544921875
      ],
      "bbox_xyxy_int_inclusive": [
        1103,
        255,
        1292,
        448
      ],
      "ink_pixels": 863,
      "bbox_area": 36860,
      "ink_ratio": 0.023412913727618015,
      "has_ink": true,
      "judge_score": 0.01516135154990353
    },
    {
      "det_index": 4,
      "label": "arm",
      "score": 0.49554407596588135,
      "bbox_xyxy": [
        1256.4359130859375,
        520.4024047851562,
        1505.9620361328125,
        859.2335205078125
      ],
      "bbox_xyxy_int_inclusive": [
        1256,
        520,
        1505,
        859
      ],
      "ink_pixels": 2253,
      "bbox_area": 85000,
      "ink_ratio": 0.026505882352941178,
      "has_ink": true,
      "judge_score": 0.013134832978248598
    },
    {
      "det_index": 2,
      "label": "person",
      "score": 0.5972811579704285,
      "bbox_xyxy": [
        878.2606201171875,
        52.08891296386719,
        1520.828125,
        873.1103515625
      ],
      "bbox_xyxy_int_inclusive": [
        878,
        52,
        1520,
        873
      ],
      "ink_pixels": 7741,
      "bbox_area": 528546,
      "ink_ratio": 0.01464583971877566,
      "has_ink": true,
      "judge_score": 0.00874768410667962
    },
    {
      "det_index": 6,
      "label": "eyes",
      "score": 0.4681967496871948,
      "bbox_xyxy": [
        1100.562255859375,
        269.69970703125,
        1290.482666015625,
        390.9519348144531
      ],
      "bbox_xyxy_int_inclusive": [
        1100,
        269,
        1290,
        390
      ],
      "ink_pixels": 360,
      "bbox_area": 23302,
      "ink_ratio": 0.015449317655136898,
      "has_ink": true,
      "judge_score": 0.0072333203110200904
    },
    {
      "det_index": 7,
      "label": "head",
      "score": 0.3963063359260559,
      "bbox_xyxy": [
        1032.18994140625,
        214.26177978515625,
        1364.6575927734375,
        459.55950927734375
      ],
      "bbox_xyxy_int_inclusive": [
        1032,
        214,
        1364,
        459
      ],
      "ink_pixels": 1401,
      "bbox_area": 81918,
      "ink_ratio": 0.017102468321980518,
      "has_ink": true,
      "judge_score": 0.006777816555975541
    },
    {
      "det_index": 8,
      "label": "head",
      "score": 0.3510262072086334,
      "bbox_xyxy": [
        882.1554565429688,
        55.636348724365234,
        1515.158203125,
        467.5238952636719
      ],
      "bbox_xyxy_int_inclusive": [
        882,
        55,
        1515,
        467
      ],
      "ink_pixels": 2324,
      "bbox_area": 261842,
      "ink_ratio": 0.008875581457520184,
      "has_ink": true,
      "judge_score": 0.0031155616958045847
    },
    {
      "det_index": 0,
      "label": "mouth",
      "score": 0.7070170640945435,
      "bbox_xyxy": [
        1177.414794921875,
        395.3933410644531,
        1211.192138671875,
        428.95867919921875
      ],
      "bbox_xyxy_int_inclusive": [
        1177,
        395,
        1211,
        428
      ],
      "ink_pixels": 0,
      "bbox_area": 1190,
      "ink_ratio": 0.0,
      "has_ink": false,
      "judge_score": 0.0
    },
    {
      "det_index": 5,
      "label": "nose",
      "score": 0.47133100032806396,
      "bbox_xyxy": [
        1170.7159423828125,
        348.0013732910156,
        1218.662841796875,
        394.8411560058594
      ],
      "bbox_xyxy_int_inclusive": [
        1170,
        348,
        1218,
        394
      ],
      "ink_pixels": 0,
      "bbox_area": 2303,
      "ink_ratio": 0.0,
      "has_ink": false,
      "judge_score": 0.0
    },
    {
      "det_index": 9,
      "label": "nose",
      "score": 0.3131466805934906,
      "bbox_xyxy": [
        1163.4747314453125,
        337.5467224121094,
        1198.7860107421875,
        372.4576416015625
      ],
      "bbox_xyxy_int_inclusive": [
        1163,
        337,
        1198,
        372
      ],
      "ink_pixels": 0,
      "bbox_area": 1296,
      "ink_ratio": 0.0,
      "has_ink": false,
      "judge_score": 0.0
    }
  ]
}