{
  "image": "/home/michael/soma/Bthesis_Dataset/02_sub_cell/C088_B010_sub.png",
  "lines_json": "/Users/niihosoushin/Desktop/BlackMask/05_raf_image_json/C088_B010_raf.json",
  "bbox_json": "/Users/niihosoushin/Desktop/BlackMask/03_sub_cell/C088_B010_sub.json",
  "criteria": {
    "min_pixels": 10,
    "min_ratio": 0.0005,
    "judge_thresh": 0.02
  },
  "selected_labels": [
    "leg",
    "person",
    "head"
  ],
  "selected_detections": [
    {
      "det_index": 4,
      "label": "leg",
      "score": 0.4116325080394745,
      "bbox_xyxy": [
        836.2120971679688,
        711.4031982421875,
        972.7617797851562,
        813.822021484375
      ],
      "bbox_xyxy_int_inclusive": [
        836,
        711,
        972,
        813
      ],
      "ink_pixels": 2383,
      "bbox_area": 14111,
      "ink_ratio": 0.16887534547516123,
      "has_ink": true,
      "judge_score": 0.06951458200397334
    },
    {
      "det_index": 3,
      "label": "person",
      "score": 0.4559808075428009,
      "bbox_xyxy": [
        171.76052856445312,
        118.08415222167969,
        908.9852294921875,
        873.344970703125
      ],
      "bbox_xyxy_int_inclusive": [
        171,
        118,
        908,
        873
      ],
      "ink_pixels": 36112,
      "bbox_area": 557928,
      "ink_ratio": 0.06472519751652543,
      "has_ink": true,
      "judge_score": 0.029513447831952557
    },
    {
      "det_index": 2,
      "label": "head",
      "score": 0.45631498098373413,
      "bbox_xyxy": [
        448.7267150878906,
        119.40719604492188,
        834.8876953125,
        427.3184509277344
      ],
      "bbox_xyxy_int_inclusive": [
        448,
        119,
        834,
        427
      ],
      "ink_pixels": 7051,
      "bbox_area": 119583,
      "ink_ratio": 0.05896323055952769,
      "has_ink": true,
      "judge_score": 0.026905805431510412
    }
  ],
  "all_scored_detections": [
    {
      "det_index": 4,
      "label": "leg",
      "score": 0.4116325080394745,
      "bbox_xyxy": [
        836.2120971679688,
        711.4031982421875,
        972.7617797851562,
        813.822021484375
      ],
      "bbox_xyxy_int_inclusive": [
        836,
        711,
        972,
        813
      ],
      "ink_pixels": 2383,
      "bbox_area": 14111,
      "ink_ratio": 0.16887534547516123,
      "has_ink": true,
      "judge_score": 0.06951458200397334
    },
    {
      "det_index": 3,
      "label": "person",
      "score": 0.4559808075428009,
      "bbox_xyxy": [
        171.76052856445312,
        118.08415222167969,
        908.9852294921875,
        873.344970703125
      ],
      "bbox_xyxy_int_inclusive": [
        171,
        118,
        908,
        873
      ],
      "ink_pixels": 36112,
      "bbox_area": 557928,
      "ink_ratio": 0.06472519751652543,
      "has_ink": true,
      "judge_score": 0.029513447831952557
    },
    {
      "det_index": 2,
      "label": "head",
      "score": 0.45631498098373413,
      "bbox_xyxy": [
        448.7267150878906,
        119.40719604492188,
        834.8876953125,
        427.3184509277344
      ],
      "bbox_xyxy_int_inclusive": [
        448,
        119,
        834,
        427
      ],
      "ink_pixels": 7051,
      "bbox_area": 119583,
      "ink_ratio": 0.05896323055952769,
      "has_ink": true,
      "judge_score": 0.026905805431510412
    },
    {
      "det_index": 5,
      "label": "person",
      "score": 0.3433207869529724,
      "bbox_xyxy": [
        172.19248962402344,
        0.5443871021270752,
        991.8336791992188,
        873.4927368164062
      ],
      "bbox_xyxy_int_inclusive": [
        172,
        0,
        991,
        873
      ],
      "ink_pixels": 40807,
      "bbox_area": 716680,
      "ink_ratio": 0.05693894067087124,
      "has_ink": true,
      "judge_score": 0.019548321919392122
    },
    {
      "det_index": 7,
      "label": "head",
      "score": 0.3042183220386505,
      "bbox_xyxy": [
        265.8271484375,
        0.33798885345458984,
        992.2012329101562,
        464.7842712402344
      ],
      "bbox_xyxy_int_inclusive": [
        265,
        0,
        992,
        464
      ],
      "ink_pixels": 18292,
      "bbox_area": 338520,
      "ink_ratio": 0.05403521209972823,
      "has_ink": true,
      "judge_score": 0.016438501555981908
    },
    {
      "det_index": 6,
      "label": "head",
      "score": 0.326629638671875,
      "bbox_xyxy": [
        740.533203125,
        333.2919006347656,
        867.222900390625,
        429.22930908203125
      ],
      "bbox_xyxy_int_inclusive": [
        740,
        333,
        867,
        429
      ],
      "ink_pixels": 51,
      "bbox_area": 12416,
      "ink_ratio": 0.004107603092783505,
      "has_ink": true,
      "judge_score": 0.0013416649140033526
    },
    {
      "det_index": 8,
      "label": "face",
      "score": 0.3041369915008545,
      "bbox_xyxy": [
        758.1531372070312,
        337.4954833984375,
        864.0183715820312,
        425.2679748535156
      ],
      "bbox_xyxy_int_inclusive": [
        758,
        337,
        864,
        425
      ],
      "ink_pixels": 38,
      "bbox_area": 9523,
      "ink_ratio": 0.0039903391788302005,
      "has_ink": true,
      "judge_score": 0.0012136097529174073
    },
    {
      "det_index": 0,
      "label": "mouth",
      "score": 0.6247272491455078,
      "bbox_xyxy": [
        624.715576171875,
        324.309326171875,
        728.6329345703125,
        360.7835388183594
      ],
      "bbox_xyxy_int_inclusive": [
        624,
        324,
        728,
        360
      ],
      "ink_pixels": 0,
      "bbox_area": 3885,
      "ink_ratio": 0.0,
      "has_ink": false,
      "judge_score": 0.0
    },
    {
      "det_index": 1,
      "label": "eyes",
      "score": 0.45957431197166443,
      "bbox_xyxy": [
        618.2435913085938,
        243.54217529296875,
        651.0391845703125,
        269.0885314941406
      ],
      "bbox_xyxy_int_inclusive": [
        618,
        243,
        651,
        269
      ],
      "ink_pixels": 0,
      "bbox_area": 918,
      "ink_ratio": 0.0,
      "has_ink": false,
      "judge_score": 0.0
    }
  ]
}