{
  "image": "/home/michael/soma/Bthesis_Dataset/03_sub_cell/C092_A017_sub.png",
  "lines_json": "/Users/niihosoushin/Desktop/BlackMask/05_raf_image_json/C092_A017_raf.json",
  "bbox_json": "/Users/niihosoushin/Desktop/BlackMask/10_output_groundingdino_swiml_prompt_v1/C092_A017_sub.json",
  "criteria": {
    "min_pixels": 10,
    "min_ratio": 0.0005,
    "judge_thresh": 0.02
  },
  "selected_labels": [
    "leg",
    "arm",
    "person",
    "arm"
  ],
  "selected_detections": [
    {
      "det_index": 2,
      "label": "leg",
      "score": 0.3424757421016693,
      "bbox_xyxy": [
        1011.9742431640625,
        498.59503173828125,
        1061.8533935546875,
        558.9697265625
      ],
      "bbox_xyxy_int_inclusive": [
        1011,
        498,
        1061,
        558
      ],
      "ink_pixels": 761,
      "bbox_area": 3111,
      "ink_ratio": 0.24461587913854066,
      "has_ink": true,
      "judge_score": 0.08377500473782395
    },
    {
      "det_index": 1,
      "label": "arm",
      "score": 0.3619655966758728,
      "bbox_xyxy": [
        1036.7681884765625,
        400.29180908203125,
        1074.8892822265625,
        462.70159912109375
      ],
      "bbox_xyxy_int_inclusive": [
        1036,
        400,
        1074,
        462
      ],
      "ink_pixels": 534,
      "bbox_area": 2457,
      "ink_ratio": 0.21733821733821734,
      "has_ink": true,
      "judge_score": 0.07866895751929837
    },
    {
      "det_index": 0,
      "label": "person",
      "score": 0.5359118580818176,
      "bbox_xyxy": [
        1010.542236328125,
        399.8296203613281,
        1137.9656982421875,
        561.7634887695312
      ],
      "bbox_xyxy_int_inclusive": [
        1010,
        399,
        1137,
        561
      ],
      "ink_pixels": 2710,
      "bbox_area": 20864,
      "ink_ratio": 0.1298888036809816,
      "has_ink": true,
      "judge_score": 0.06960895012469928
    },
    {
      "det_index": 3,
      "label": "arm",
      "score": 0.3186778128147125,
      "bbox_xyxy": [
        1010.4830322265625,
        401.11810302734375,
        1075.438232421875,
        491.190185546875
      ],
      "bbox_xyxy_int_inclusive": [
        1010,
        401,
        1075,
        491
      ],
      "ink_pixels": 1202,
      "bbox_area": 6006,
      "ink_ratio": 0.20013320013320013,
      "has_ink": true,
      "judge_score": 0.06377801049005735
    }
  ],
  "all_scored_detections": [
    {
      "det_index": 2,
      "label": "leg",
      "score": 0.3424757421016693,
      "bbox_xyxy": [
        1011.9742431640625,
        498.59503173828125,
        1061.8533935546875,
        558.9697265625
      ],
      "bbox_xyxy_int_inclusive": [
        1011,
        498,
        1061,
        558
      ],
      "ink_pixels": 761,
      "bbox_area": 3111,
      "ink_ratio": 0.24461587913854066,
      "has_ink": true,
      "judge_score": 0.08377500473782395
    },
    {
      "det_index": 1,
      "label": "arm",
      "score": 0.3619655966758728,
      "bbox_xyxy": [
        1036.7681884765625,
        400.29180908203125,
        1074.8892822265625,
        462.70159912109375
      ],
      "bbox_xyxy_int_inclusive": [
        1036,
        400,
        1074,
        462
      ],
      "ink_pixels": 534,
      "bbox_area": 2457,
      "ink_ratio": 0.21733821733821734,
      "has_ink": true,
      "judge_score": 0.07866895751929837
    },
    {
      "det_index": 0,
      "label": "person",
      "score": 0.5359118580818176,
      "bbox_xyxy": [
        1010.542236328125,
        399.8296203613281,
        1137.9656982421875,
        561.7634887695312
      ],
      "bbox_xyxy_int_inclusive": [
        1010,
        399,
        1137,
        561
      ],
      "ink_pixels": 2710,
      "bbox_area": 20864,
      "ink_ratio": 0.1298888036809816,
      "has_ink": true,
      "judge_score": 0.06960895012469928
    },
    {
      "det_index": 3,
      "label": "arm",
      "score": 0.3186778128147125,
      "bbox_xyxy": [
        1010.4830322265625,
        401.11810302734375,
        1075.438232421875,
        491.190185546875
      ],
      "bbox_xyxy_int_inclusive": [
        1010,
        401,
        1075,
        491
      ],
      "ink_pixels": 1202,
      "bbox_area": 6006,
      "ink_ratio": 0.20013320013320013,
      "has_ink": true,
      "judge_score": 0.06377801049005735
    }
  ]
}