{
  "image": "/home/michael/soma/Bthesis_Dataset/03_sub_cell/C096_A045_sub.png",
  "lines_json": "/Users/niihosoushin/Desktop/BlackMask/05_raf_image_json/C096_A045_raf.json",
  "bbox_json": "/Users/niihosoushin/Desktop/BlackMask/10_output_groundingdino_swiml_prompt_v1/C096_A045_sub.json",
  "criteria": {
    "min_pixels": 10,
    "min_ratio": 0.0005,
    "judge_thresh": 0.02
  },
  "selected_labels": [
    "leg",
    "leg",
    "person"
  ],
  "selected_detections": [
    {
      "det_index": 2,
      "label": "leg",
      "score": 0.6025600433349609,
      "bbox_xyxy": [
        1054.3338623046875,
        673.2197875976562,
        1376.763427734375,
        836.559326171875
      ],
      "bbox_xyxy_int_inclusive": [
        1054,
        673,
        1376,
        836
      ],
      "ink_pixels": 7331,
      "bbox_area": 52972,
      "ink_ratio": 0.13839386845880844,
      "has_ink": true,
      "judge_score": 0.08339061537583249
    },
    {
      "det_index": 6,
      "label": "leg",
      "score": 0.5497274398803711,
      "bbox_xyxy": [
        1008.0846557617188,
        725.5238647460938,
        1223.822998046875,
        1022.716064453125
      ],
      "bbox_xyxy_int_inclusive": [
        1008,
        725,
        1223,
        1022
      ],
      "ink_pixels": 7750,
      "bbox_area": 64368,
      "ink_ratio": 0.12040144171016655,
      "has_ink": true,
      "judge_score": 0.06618797630923559
    },
    {
      "det_index": 5,
      "label": "person",
      "score": 0.5657225251197815,
      "bbox_xyxy": [
        786.9224243164062,
        251.55172729492188,
        1377.295654296875,
        1023.2349243164062
      ],
      "bbox_xyxy_int_inclusive": [
        786,
        251,
        1377,
        1023
      ],
      "ink_pixels": 16990,
      "bbox_area": 457616,
      "ink_ratio": 0.037127198349708054,
      "has_ink": true,
      "judge_score": 0.021003692401019826
    }
  ],
  "all_scored_detections": [
    {
      "det_index": 2,
      "label": "leg",
      "score": 0.6025600433349609,
      "bbox_xyxy": [
        1054.3338623046875,
        673.2197875976562,
        1376.763427734375,
        836.559326171875
      ],
      "bbox_xyxy_int_inclusive": [
        1054,
        673,
        1376,
        836
      ],
      "ink_pixels": 7331,
      "bbox_area": 52972,
      "ink_ratio": 0.13839386845880844,
      "has_ink": true,
      "judge_score": 0.08339061537583249
    },
    {
      "det_index": 6,
      "label": "leg",
      "score": 0.5497274398803711,
      "bbox_xyxy": [
        1008.0846557617188,
        725.5238647460938,
        1223.822998046875,
        1022.716064453125
      ],
      "bbox_xyxy_int_inclusive": [
        1008,
        725,
        1223,
        1022
      ],
      "ink_pixels": 7750,
      "bbox_area": 64368,
      "ink_ratio": 0.12040144171016655,
      "has_ink": true,
      "judge_score": 0.06618797630923559
    },
    {
      "det_index": 5,
      "label": "person",
      "score": 0.5657225251197815,
      "bbox_xyxy": [
        786.9224243164062,
        251.55172729492188,
        1377.295654296875,
        1023.2349243164062
      ],
      "bbox_xyxy_int_inclusive": [
        786,
        251,
        1377,
        1023
      ],
      "ink_pixels": 16990,
      "bbox_area": 457616,
      "ink_ratio": 0.037127198349708054,
      "has_ink": true,
      "judge_score": 0.021003692401019826
    },
    {
      "det_index": 0,
      "label": "face",
      "score": 0.7373021245002747,
      "bbox_xyxy": [
        888.001220703125,
        443.41876220703125,
        992.4725952148438,
        532.27197265625
      ],
      "bbox_xyxy_int_inclusive": [
        888,
        443,
        992,
        532
      ],
      "ink_pixels": 0,
      "bbox_area": 9450,
      "ink_ratio": 0.0,
      "has_ink": false,
      "judge_score": 0.0
    },
    {
      "det_index": 1,
      "label": "nose",
      "score": 0.6264336705207825,
      "bbox_xyxy": [
        908.0023803710938,
        471.9031066894531,
        950.6849975585938,
        511.501953125
      ],
      "bbox_xyxy_int_inclusive": [
        908,
        471,
        950,
        511
      ],
      "ink_pixels": 0,
      "bbox_area": 1763,
      "ink_ratio": 0.0,
      "has_ink": false,
      "judge_score": 0.0
    },
    {
      "det_index": 3,
      "label": "arm",
      "score": 0.5741415619850159,
      "bbox_xyxy": [
        786.1276245117188,
        251.42626953125,
        906.4310302734375,
        533.0274658203125
      ],
      "bbox_xyxy_int_inclusive": [
        786,
        251,
        906,
        533
      ],
      "ink_pixels": 0,
      "bbox_area": 34243,
      "ink_ratio": 0.0,
      "has_ink": false,
      "judge_score": 0.0
    },
    {
      "det_index": 4,
      "label": "head",
      "score": 0.5678503513336182,
      "bbox_xyxy": [
        882.7103881835938,
        438.0115051269531,
        995.5172729492188,
        535.190185546875
      ],
      "bbox_xyxy_int_inclusive": [
        882,
        438,
        995,
        535
      ],
      "ink_pixels": 0,
      "bbox_area": 11172,
      "ink_ratio": 0.0,
      "has_ink": false,
      "judge_score": 0.0
    },
    {
      "det_index": 7,
      "label": "arm",
      "score": 0.5456930994987488,
      "bbox_xyxy": [
        938.190673828125,
        313.6182556152344,
        1005.157958984375,
        502.2938537597656
      ],
      "bbox_xyxy_int_inclusive": [
        938,
        313,
        1005,
        502
      ],
      "ink_pixels": 0,
      "bbox_area": 12920,
      "ink_ratio": 0.0,
      "has_ink": false,
      "judge_score": 0.0
    },
    {
      "det_index": 8,
      "label": "eyes",
      "score": 0.42932724952697754,
      "bbox_xyxy": [
        942.2211303710938,
        460.7421569824219,
        981.5150146484375,
        492.53851318359375
      ],
      "bbox_xyxy_int_inclusive": [
        942,
        460,
        981,
        492
      ],
      "ink_pixels": 0,
      "bbox_area": 1320,
      "ink_ratio": 0.0,
      "has_ink": false,
      "judge_score": 0.0
    },
    {
      "det_index": 9,
      "label": "mouth",
      "score": 0.41310229897499084,
      "bbox_xyxy": [
        911.1034545898438,
        494.3896789550781,
        951.2857666015625,
        513.10498046875
      ],
      "bbox_xyxy_int_inclusive": [
        911,
        494,
        951,
        513
      ],
      "ink_pixels": 0,
      "bbox_area": 820,
      "ink_ratio": 0.0,
      "has_ink": false,
      "judge_score": 0.0
    },
    {
      "det_index": 10,
      "label": "mouth",
      "score": 0.32564055919647217,
      "bbox_xyxy": [
        909.6017456054688,
        489.8238830566406,
        935.222900390625,
        511.6714172363281
      ],
      "bbox_xyxy_int_inclusive": [
        909,
        489,
        935,
        511
      ],
      "ink_pixels": 0,
      "bbox_area": 621,
      "ink_ratio": 0.0,
      "has_ink": false,
      "judge_score": 0.0
    }
  ]
}